customerid,name,age,purchaseamount,country,date
1,Starlene Lowdham,7,2538.44,Indonesia,2021-05-11
2,Inez Segrott,97,1666.13,Morocco,2024-10-16
3,Wilmette McNerlin,74,1291.57,South Africa,2022-10-28
4,Randolph Babber,9,2464.18,Russia,2022-09-14
5,Tamarah Bolin,76,4596.19,China,2022-12-02
6,Stanislas Cleaton,98,3303.37,Japan,2019-03-24
7,Naomi Kean,54,2312.3,Poland,2025-10-22
8,Turner Adran,1,1217.87,China,2019-12-08
9,Lianne Lilburn,69,2493.17,Indonesia,2022-04-06
10,Aggy Sambidge,36,4464.09,Portugal,2019-05-31
11,Rudolph Tripon,5,4785.02,Philippines,2024-05-03
12,Orbadiah Kenningham,21,3785.56,Indonesia,2022-08-24
13,Amory Kilmaster,31,3669.13,China,2022-11-07
14,Adrea Spellicy,29,1607.87,Peru,2024-01-23
15,Moise Chilver,35,4299.58,Peru,2022-08-21
16,Juieta Gouge,84,3067.73,Russia,2022-06-10
17,Avrom Mobley,86,4218.1,China,2020-02-13
18,Natty Etter,5,1950.65,Poland,2023-07-16
19,Linell Skeates,56,2741.48,United States,2021-11-16
20,Wendel Skidmore,39,1125.02,Philippines,2020-02-22
21,Trstram Sodeau,81,3286.08,El Salvador,2024-11-21
22,Daloris Henner,17,546.07,China,2021-07-16
23,Pavla Ghirardi,10,1407.78,Philippines,2022-01-09
24,Lurette Kitchingham,58,2373.56,Iran,2025-09-06
25,Almeria Berkowitz,8,19.78,Indonesia,2024-04-27
26,Devland Buckingham,77,2840.28,China,2023-01-04
27,Kort Murt,74,4000.69,Niger,2023-02-18
28,Liesa Ricardon,28,345.65,Canada,2019-02-05
29,Cortie Kempstone,83,3050.75,United States,2020-02-20
30,Elaina Antram,46,2809.89,Philippines,2024-10-14
31,Cleveland Ellens,15,2641.35,Indonesia,2024-01-06
32,Carleen Porson,51,3029.67,Guatemala,2025-09-17
33,Rickey Sowerby,67,564.13,Macedonia,2025-09-19
34,Bogey Bamlet,7,4702.45,Haiti,2023-06-17
35,Danni Blackaby,17,1188.71,Indonesia,2023-01-13
36,Tyler Studders,6,2580.08,Peru,2023-05-10
37,Kiley Beecham,78,2445.27,Serbia,2024-01-01
38,Nikoletta Veldstra,13,4405.2,Mexico,2023-07-24
39,Morgan Tomini,22,1971.92,Philippines,2024-12-18
40,Mable Windybank,64,1688.04,Sweden,2021-06-02
41,Alaric Hazelgrove,56,2471.76,Philippines,2019-04-09
42,Fidole Banke,29,1964.34,Malaysia,2024-08-13
43,Nate Frandsen,85,2508.3,United States,2019-01-04
44,Tristam Brearton,3,2667.08,China,2021-12-08
45,Karel Baynton,28,4255.69,Dominican Republic,2022-07-10
46,Ronald Gummie,21,4170.72,Czech Republic,2024-04-08
47,Cornell Kabos,69,862.87,Indonesia,2020-08-13
48,Antonio Odd,28,2542.25,Russia,2022-03-15
49,Darelle McKeighen,79,2518.72,Portugal,2019-01-02
50,Alva Laurent,66,1383.51,Poland,2024-09-13
51,Cassondra Kemmett,66,52.9,Kenya,2019-11-13
52,Arabelle Jodlowski,62,3512.27,Indonesia,2025-05-26
53,Ethelbert Matovic,85,3106.52,Venezuela,2024-11-23
54,Rip Lovick,87,1487.43,China,2022-05-12
55,Nichole Windaybank,98,2019.7,Philippines,2023-10-07
56,Kati Swendell,46,2329.13,China,2023-12-04
57,Etan Assad,26,3035.94,Greece,2022-02-17
58,Gideon Swadlen,85,3351.67,United States,2025-05-28
59,Stanford Toffler,10,1074.97,Indonesia,2022-09-25
60,Parrnell Ballingal,72,1858.2,Croatia,2020-08-31
61,Dud Mongeot,86,3361.49,Portugal,2020-10-09
62,Gerti Po,56,4956.11,China,2025-10-29
63,Wernher Gillhespy,100,518.85,Bolivia,2023-06-25
64,Davin Ranklin,5,21.88,China,2024-03-30
65,Florella O'Neil,59,84.3,Indonesia,2021-03-18
66,Crawford Corse,32,3256.43,Afghanistan,2024-09-27
67,Osgood Bartul,26,2575.11,Yemen,2020-12-14
68,Dalis Hughesdon,31,1623.07,Russia,2025-02-15
69,Umberto Hutsby,24,694.27,France,2023-07-20
70,Lamont Wetton,12,45.28,Tunisia,2020-09-16
71,Jarvis Jotcham,60,307.97,France,2025-08-30
72,Delainey Benedito,1,318.76,Sweden,2022-06-04
73,Kimberlyn Sotham,29,1010.63,Philippines,2024-11-02
74,Kane Gostall,23,2488.41,France,2024-02-25
75,Eartha Ridehalgh,5,3902.78,Greece,2021-01-13
76,Worthington Siburn,60,2326.95,United States,2025-12-20
77,Bern Blackborow,47,3596.42,Belarus,2022-06-22
78,Fitz Faccini,16,628.6,Brazil,2019-05-18
79,Avis Ambler,17,3205.16,Russia,2020-07-06
80,Reiko Filippi,67,1814.05,China,2020-04-27
81,Anett Finessy,34,2431.79,Sweden,2020-06-02
82,Lawrence Cornehl,1,1626.14,Poland,2024-05-12
83,Candida Readwood,91,679.15,Thailand,2020-05-02
84,Keefer Domenici,6,2507.0,Peru,2025-05-22
85,Bellanca Weild,32,4229.74,Indonesia,2025-12-21
86,Oren Loughman,30,4073.22,Ukraine,2019-10-27
87,Del Conradie,42,300.72,Ukraine,2025-04-20
88,Terrance Breadmore,99,4572.41,Latvia,2023-12-09
89,Atlanta Skirving,61,3061.47,Czech Republic,2023-02-25
90,Killie Feasley,11,2674.0,Jamaica,2021-04-01
91,Dione Eick,62,3404.11,Indonesia,2025-10-27
92,Katherine Fenners,67,2306.13,Greece,2022-05-23
93,Colman D'orsay,97,3915.62,Madagascar,2019-08-11
94,Teador Baynom,86,3119.15,Palestinian Territory,2019-06-28
95,Thornton Maypowder,63,3986.17,United States,2024-08-12
96,Robinet Sambals,16,3048.11,Portugal,2021-09-08
97,Andris Blindmann,97,2883.36,Philippines,2025-02-26
98,Lucia Joberne,6,1497.75,Greece,2025-08-30
99,Jerri Loughnan,51,3959.02,Brazil,2020-01-20
100,Electra Radeliffe,70,4553.5,China,2019-02-06
101,Honey Beach,6,764.37,Thailand,2020-11-02
102,Sibeal Kisar,30,3861.25,Brazil,2025-10-14
103,Lilia Downton,6,2359.29,Afghanistan,2023-02-27
104,Vivia Giraldez,38,1002.32,Solomon Islands,2021-07-04
105,Pryce Sich,82,313.52,China,2024-11-19
106,Bambi Bradnum,91,2559.83,Indonesia,2023-02-01
107,Natividad Drust,93,4805.05,Japan,2023-06-02
108,Bethanne De Roos,65,1827.29,China,2022-02-20
109,Merrick Giametti,85,1937.43,Syria,2025-04-29
110,Natty Crickmer,97,4951.01,Russia,2019-12-07
111,Othella Mogie,21,4613.46,United States,2019-11-09
112,Gabie Bridgnell,59,1606.69,China,2025-02-22
113,Whitman Kersey,69,1551.11,Indonesia,2024-08-03
114,Deerdre Davidofski,31,4618.92,Morocco,2021-06-11
115,Jeanine Gowdie,35,1872.98,Guatemala,2025-12-28
116,Janice Trevaskiss,44,3426.29,Portugal,2021-10-06
117,Ximenez Daldry,54,1738.35,Egypt,2021-05-01
118,Davida Meeland,35,467.7,Canada,2025-11-08
119,Tulley Blacklock,35,1363.13,Denmark,2022-07-17
120,Marcello Antram,87,4135.4,Argentina,2019-04-14
121,Tonie Hebblethwaite,37,4249.7,Poland,2022-12-19
122,Quillan Bulbeck,48,2581.31,China,2022-10-04
123,Gregoire Doudney,69,2064.67,Bhutan,2020-08-09
124,Valera Duckels,66,3225.55,China,2024-11-22
125,Hartley Strelitz,76,2951.46,Venezuela,2022-06-30
126,Crawford Penquet,72,4789.45,Germany,2019-10-22
127,Myrtia Plumley,34,3304.31,Indonesia,2021-11-09
128,Hilliary Cloutt,89,4870.29,Philippines,2024-10-03
129,Bunny Blannin,36,274.51,China,2020-12-10
130,Katrina Galtone,35,3850.16,Croatia,2024-07-21
131,Rickert Garthland,33,4609.69,Russia,2023-10-26
132,Joelly Dewer,72,4877.88,Colombia,2022-12-01
133,Zondra Cogdell,30,3515.46,Poland,2024-08-21
134,Georgianne Allder,47,1439.38,Macedonia,2023-03-21
135,Johnette Guthrie,47,4494.93,Russia,2024-01-30
136,Zeb Maymond,62,2655.11,Peru,2022-05-14
137,Lonnard Naisbet,49,152.29,Indonesia,2019-10-08
138,Bat Sorrill,58,2905.57,United States,2024-07-22
139,Hodge Annandale,2,4774.78,Canada,2023-04-13
140,Isabelle Osborn,93,3032.61,Italy,2019-01-19
141,Joli Popplewell,56,4880.89,China,2023-09-07
142,Frayda Blakeston,42,2106.38,North Korea,2021-05-29
143,Gallagher Plumm,34,2137.4,China,2021-05-09
144,Nicholas McIlmurray,77,1156.92,United States,2025-02-04
145,Justinian Scoon,23,2558.61,Russia,2019-02-20
146,Decca Jeffrey,40,3106.95,Palestinian Territory,2024-11-05
147,Krystyna Bruckmann,48,1634.24,Philippines,2023-08-05
148,Ettore Everal,17,556.18,Poland,2025-04-08
149,Frazier Garrettson,16,3188.19,Indonesia,2024-03-14
150,Jedidiah Ceillier,89,519.99,China,2025-06-14
151,Freeland Fudger,15,3151.86,Czech Republic,2020-11-21
152,Red June,47,53.02,Brazil,2022-09-16
153,Benoite Vockins,94,2411.86,Indonesia,2022-08-09
154,Cloris Stuckey,91,4316.56,Sudan,2020-02-09
155,Elvis Hurdis,33,1874.83,Chad,2020-02-01
156,Skipper Varley,35,4042.28,Poland,2019-09-03
157,Belita MacKee,78,2439.0,Russia,2023-06-30
158,Nels Wrinch,33,408.6,China,2021-02-18
159,Mycah Bim,49,1879.52,Norway,2025-09-12
160,Miranda Gregorace,52,4266.79,Czech Republic,2022-08-22
161,Marja Boyd,4,4508.96,Greece,2020-02-11
162,Aggie Danis,21,3414.04,Argentina,2022-08-01
163,Abran Waylen,49,2604.51,China,2020-02-07
164,Frank Corstan,2,2769.71,Portugal,2023-10-28
165,Nady Yglesias,86,1629.39,France,2019-05-10
166,Karie Burbudge,48,1104.74,Indonesia,2022-01-11
167,Lilia Reinmar,99,3253.18,Morocco,2019-11-09
168,Bartolomeo Richard,83,4173.92,Micronesia,2021-06-09
169,Bab D'Alwis,74,4032.7,China,2023-06-06
170,Benedicta Prettyjohns,43,3879.94,United States,2022-07-09
171,Artemus Mompesson,70,4239.9,Greece,2025-10-16
172,Elisabetta Dales,25,2959.73,Sweden,2022-10-23
173,Buck Busher,4,1813.4,Colombia,2025-04-16
174,Evelina Coyte,80,2002.0,China,2024-11-08
175,Madalyn Pattesall,94,2280.26,Russia,2025-08-23
176,Muffin Thunnercliff,96,3193.0,China,2024-11-28
177,Consuela Trout,60,4285.88,Honduras,2021-05-02
178,Calvin Calcut,41,4407.52,China,2024-06-09
179,Bryant Hexter,69,1414.46,Portugal,2021-08-05
180,Sapphira Pain,20,765.84,China,2025-04-18
181,Pierce Joburn,78,3259.26,Portugal,2024-04-23
182,Irwinn Walford,52,3535.78,North Korea,2025-10-21
183,Jami Salla,86,1494.32,Croatia,2025-05-06
184,Hailee Climer,60,438.11,France,2022-09-01
185,Corrine Deschelle,80,4041.79,Finland,2019-12-03
186,Blake Willans,20,335.89,Dominican Republic,2022-11-08
187,Thatcher Ledstone,46,1253.27,Ukraine,2020-01-07
188,Aldis Marson,27,1641.45,China,2020-08-04
189,Jasen Colerick,56,1369.55,United States,2022-04-16
190,Corbin Sumnall,84,4588.98,Finland,2019-05-25
191,Hobard Williams,15,1028.86,Germany,2023-12-18
192,Orlan Mulhall,56,131.88,Indonesia,2023-09-28
193,Winifred Dreher,12,3530.3,Belarus,2023-02-24
194,Emmalee Hankins,18,315.68,China,2019-05-20
195,Chiquia Tussaine,62,301.43,Finland,2021-05-24
196,Pauletta Skates,11,2048.81,Czech Republic,2023-05-29
197,Saunderson Lightbowne,34,685.66,Russia,2024-01-10
198,Alie Mattia,77,2920.22,Czech Republic,2019-11-11
199,Uta Douglas,19,3489.29,Czech Republic,2021-12-15
200,Brandi McLafferty,17,4724.57,Honduras,2021-01-11
201,Ashely Hubber,47,2336.37,Sweden,2025-03-12
202,Normie Smithson,43,3404.76,Peru,2021-08-03
203,Christoffer Liepina,89,4047.03,Indonesia,2022-01-31
204,Rorke Branston,20,712.79,Belarus,2022-06-05
205,Dorise Shewring,16,3509.88,Madagascar,2025-10-24
206,Bartlet Wager,99,1090.0,Morocco,2019-01-26
207,Cathi Gregory,88,703.4,Indonesia,2019-03-17
208,Sanders Maccaig,97,1350.47,France,2023-01-01
209,Perice Rosnau,22,1789.41,Morocco,2025-07-20
210,Carree Armin,5,4613.39,Indonesia,2021-03-13
211,Sile Daggett,9,2896.17,China,2022-01-30
212,Bennett Attarge,51,2302.27,Venezuela,2024-08-29
213,Parry Waterdrinker,81,306.33,China,2022-01-27
214,Wait Burchatt,9,489.48,Indonesia,2024-04-20
215,Illa McGuane,87,3983.14,Slovenia,2023-11-27
216,Gus Northgraves,27,2579.41,New Zealand,2023-08-30
217,Meriel Smithson,100,2858.4,Senegal,2025-05-02
218,Quill Levett,9,4574.89,China,2022-11-27
219,Edmon Arndtsen,68,3562.26,Argentina,2021-07-23
220,Nathalie Botger,65,3774.14,Czech Republic,2023-01-06
221,Case Morshead,98,1809.74,Sweden,2025-03-09
222,Bart Haddy,45,4726.81,Indonesia,2022-04-26
223,Sibeal Dwelly,25,1173.7,Peru,2024-11-30
224,Yance Cullotey,95,3572.66,Brazil,2022-02-08
225,Conny Heeks,62,943.49,China,2020-08-12
226,Mady Humbatch,62,3515.8,China,2019-04-01
227,Dareen Bruckenthal,8,4748.75,Kazakhstan,2021-07-16
228,Karlene Elles,36,2108.51,Albania,2022-04-28
229,Adriena Ferrucci,2,3928.57,Mexico,2025-12-12
230,Magda Minifie,89,997.37,Indonesia,2022-06-30
231,Chelsie Meyer,88,1778.95,China,2022-03-27
232,Carley Navarre,12,4293.09,Brazil,2019-03-11
233,Brittne Myall,81,3031.98,Albania,2024-04-14
234,Happy Sabater,88,2718.41,United States,2021-04-25
235,Anatollo Harrap,95,3367.52,China,2022-07-31
236,Mariejeanne Whiten,89,1034.73,Democratic Republic of the Congo,2022-09-06
237,Bobbye Blevin,36,3973.27,Iran,2019-06-18
238,Chanda Britch,1,1195.2,Indonesia,2021-06-30
239,Sher Schellig,72,538.73,Japan,2023-08-14
240,Kylynn Pickthorn,100,3658.1,Peru,2019-04-23
241,Iorgos Ciepluch,12,705.87,Poland,2023-07-12
242,Pam Baskeyfied,43,3765.46,United States,2021-01-20
243,Lucas Warne,19,747.23,United States,2019-10-23
244,Everard Dykas,82,3929.89,Poland,2025-07-03
245,Elyn Kendall,35,2173.41,Albania,2023-08-25
246,Bill Bearward,53,1459.74,Zimbabwe,2025-08-04
247,Barbe Matzaitis,12,783.17,Russia,2025-02-17
248,Aldric Lafontaine,70,4574.52,Pakistan,2022-04-03
249,Taber Tresler,75,3756.46,Malaysia,2022-08-29
250,Janean Hickenbottom,67,2167.83,United States,2021-01-23
251,Devlin Mizzen,100,1310.61,China,2024-03-31
252,Rickard Burfield,8,3818.92,Peru,2021-04-25
253,Georgena Cassin,68,2236.65,Poland,2024-09-12
254,Staffard Jamrowicz,99,1936.63,Palestinian Territory,2021-01-19
255,Marline Petrelli,98,3660.98,Sweden,2023-05-30
256,Hillery Nason,31,1323.38,Brazil,2019-10-23
257,Nikoletta Furtado,34,1929.37,Indonesia,2021-12-01
258,Theodore Houlson,94,1078.74,Indonesia,2020-07-18
259,Harmony Potkins,77,114.55,Russia,2022-02-25
260,Tamas Beyer,27,4316.29,China,2020-08-22
261,Valina Gaitskell,40,4811.48,Thailand,2022-11-22
262,Dorella Georgiev,64,1342.67,Indonesia,2025-01-24
263,Ilyse Mcwhinnie,41,557.17,Germany,2024-06-12
264,Paulo Earsman,67,719.5,Brazil,2025-04-19
265,Evey McGrorty,29,1479.12,Russia,2021-09-13
266,Bert Troman,16,3087.33,Japan,2019-12-21
267,Wendeline Avarne,33,2272.33,Oman,2022-06-12
268,Laurella Carroll,35,546.4,Brazil,2024-10-16
269,Feodora Lashbrook,6,23.59,Colombia,2025-02-16
270,Vikki Biggerstaff,54,386.54,United States,2024-02-23
271,Stacia Shury,37,3542.09,Malaysia,2025-08-20
272,Keir Chamberlin,99,3970.9,Jordan,2022-08-18
273,Sanford Trownson,10,4985.68,China,2025-05-02
274,Erie Capelen,85,2231.49,Indonesia,2025-04-06
275,Joeann Gilbertson,94,152.76,Mexico,2019-09-22
276,Serge Lismer,77,4169.32,Indonesia,2023-04-22
277,Katharina Feldberg,79,3435.14,France,2025-09-08
278,Marika Danson,83,874.87,Poland,2025-06-11
279,Hy Coker,1,4665.67,Indonesia,2020-10-16
280,Augusta Boobier,20,4778.13,Poland,2021-07-08
281,Morie Clevely,78,4468.5,Czech Republic,2024-10-11
282,Roderic MacCallum,51,2463.35,Nigeria,2020-02-25
283,Moses Sargood,33,2888.59,Czech Republic,2019-09-30
284,Sashenka Simpkiss,44,2917.19,Portugal,2025-07-08
285,Farlee Farrey,22,4650.47,Philippines,2021-07-11
286,Francine Yann,26,970.3,Indonesia,2021-08-12
287,Jasmin Penhalewick,58,3407.17,China,2023-12-27
288,Agosto Diehn,53,1511.19,Finland,2023-07-09
289,Ynez McGinty,65,2484.11,Armenia,2021-09-10
290,Thedrick Ximenez,61,965.71,Comoros,2020-06-06
291,Millisent Kettles,63,2185.28,Kazakhstan,2023-08-31
292,Hana Simmen,86,4757.44,Indonesia,2020-05-03
293,Trey Flanagan,58,4674.71,China,2025-07-05
294,Waldon Lewsey,29,1903.32,Indonesia,2021-02-15
295,Gavin Brighouse,8,3913.69,France,2022-08-11
296,Juliann Lunnon,99,3484.13,Russia,2025-04-23
297,Bird Kermeen,69,3302.69,Azerbaijan,2022-08-07
298,Alicia Kleinfeld,83,1235.82,Poland,2023-07-21
299,Lian Shottin,2,1540.84,Kenya,2025-03-26
300,Nobe McSperrin,93,233.43,Albania,2024-12-31
301,Corabel Adamou,91,1758.67,Poland,2021-05-14
302,Isa Dupree,70,3470.2,Morocco,2022-06-20
303,Harbert Syrett,95,3076.05,China,2021-05-31
304,Sheelah Guidini,10,4442.09,Brazil,2022-02-22
305,Cristin Wadge,66,2713.02,Portugal,2022-09-29
306,Sena Humbert,83,2810.78,Indonesia,2021-11-24
307,Collete Guerriero,62,4819.12,Portugal,2021-02-18
308,Jobie Dahlman,99,4771.46,Chile,2021-12-10
309,Kareem Huitt,9,3259.1,Russia,2019-03-11
310,Steward Scrase,6,2542.95,China,2025-09-12
311,Cornelia Deery,33,4187.48,Latvia,2021-04-20
312,Dena Backson,100,4950.4,Guatemala,2021-08-20
313,Sergeant Philippe,67,1247.94,France,2020-02-29
314,Malia Bagenal,27,1262.05,Israel,2025-01-20
315,Carline Carlett,1,1875.17,Guatemala,2022-11-15
316,Ciro Slyne,96,3072.15,Philippines,2022-12-25
317,Karia Tangye,46,3541.03,Belarus,2022-10-12
318,Vic Huc,40,2771.67,Palestinian Territory,2022-09-08
319,Alverta Whitebrook,37,3878.7,China,2020-09-29
320,Jermaine Dyte,60,2197.85,South Sudan,2022-02-23
321,Gherardo Dryden,4,2596.56,Peru,2025-03-29
322,Meryl Haresnaip,33,4962.38,Pakistan,2021-10-22
323,Cilka Dorber,14,1989.68,Finland,2025-04-27
324,Cristobal Craufurd,100,2735.85,Marshall Islands,2020-12-26
325,Zuzana Troutbeck,95,141.62,Poland,2021-08-01
326,Neils Pomfrett,100,779.69,Russia,2022-01-31
327,Prudy Kennon,73,2974.71,Colombia,2024-07-31
328,Sherwynd Lever,65,3910.38,Indonesia,2021-11-27
329,Suzi Lagen,7,37.09,Portugal,2019-10-28
330,Quinton Gallyhaock,15,199.76,China,2022-11-08
331,Vania Weild,8,526.16,Philippines,2022-06-24
332,Rosemaria Goodrich,10,418.33,Mongolia,2019-06-15
333,Diana Greason,68,4697.73,China,2021-01-03
334,Etan Bartomieu,98,4476.3,Indonesia,2022-10-20
335,Kipp Spiniello,62,4758.14,Ukraine,2019-02-28
336,Tamar Dawtry,67,3403.03,Tanzania,2022-07-07
337,Hali Kinnear,2,3420.02,Poland,2019-08-15
338,Owen Slatcher,17,3866.68,Zambia,2021-09-06
339,Ricardo Cicetti,60,3425.84,Kenya,2024-06-13
340,Wheeler Huggon,35,4803.3,Croatia,2020-09-24
341,Winne Leaman,89,370.21,Portugal,2024-10-14
342,Jessica Fugere,78,3548.47,Indonesia,2025-01-31
343,Rodina Morecomb,3,4663.58,Russia,2020-01-02
344,Bent Brummell,33,965.8,Portugal,2020-04-18
345,Saidee Quarmby,47,993.79,Albania,2023-03-17
346,Raimundo Bodemeaid,13,983.03,China,2021-09-21
347,Betsy Sima,31,89.54,China,2025-12-05
348,Marc Rignold,47,3249.07,China,2022-05-03
349,Tedd Zecchinelli,7,739.81,Georgia,2020-01-08
350,Brooks Jakuszewski,24,2773.34,Japan,2019-11-17
351,Hildy Jobern,86,2514.13,China,2024-08-23
352,Madlin Pulley,55,115.15,China,2021-12-17
353,Ches Martino,82,399.75,Italy,2025-11-04
354,Seline Dampier,24,1794.67,Burkina Faso,2024-10-10
355,Davidson Peakman,88,3536.74,Czech Republic,2022-10-22
356,Ruthy Futcher,87,3225.04,Russia,2024-06-15
357,Ossie Rossant,72,4785.81,Czech Republic,2025-09-13
358,Ramonda Droghan,44,3300.74,United States,2024-08-18
359,Bendick Munroe,24,3883.78,China,2021-05-26
360,Garret Aspland,53,4494.44,Indonesia,2023-06-21
361,Beverie Bigrigg,25,2041.14,Canada,2019-07-01
362,Urson Dace,89,4340.26,China,2024-08-14
363,Kippar Galley,5,1545.1,Indonesia,2025-11-07
364,Ranee Cammock,74,4662.98,Kazakhstan,2023-12-16
365,Coral Knath,91,962.97,South Korea,2019-04-16
366,Ced Jellard,38,3698.3,Ukraine,2020-11-03
367,Leslie Petasch,77,3970.81,Paraguay,2022-01-20
368,Chucho Notley,33,4319.48,Poland,2025-06-22
369,Lizbeth Boosey,27,3740.34,Germany,2019-11-24
370,Ailis Magenny,57,3130.26,Sweden,2025-09-05
371,Andrus Kyncl,19,3261.0,Russia,2021-08-19
372,Bernadene Attridge,89,219.22,Ireland,2024-08-14
373,Bridgette Bonnesen,23,2749.26,China,2021-03-13
374,Alfonso Prescot,11,4324.4,Brazil,2019-06-05
375,Ibby Lawson,68,2530.96,Guatemala,2022-05-29
376,Jerrilee Syrad,4,4710.83,Iran,2023-06-20
377,Cherlyn Chase,27,3652.99,Japan,2020-01-07
378,Raphaela Este,78,4043.25,South Korea,2020-12-11
379,Fawne Lys,75,2141.48,Malta,2022-10-02
380,Rutger MacVay,68,4395.45,Iraq,2019-09-01
381,Donielle Mapes,26,1599.29,Russia,2024-12-11
382,Rebecca d' Elboux,47,4554.06,Philippines,2021-11-26
383,Faythe Dafter,66,2671.84,Portugal,2025-03-05
384,Emmery Gladtbach,55,1890.24,Burkina Faso,2019-02-26
385,Mervin Rafferty,49,3502.76,Poland,2023-08-22
386,Christoph Stodart,84,1116.45,Russia,2021-06-08
387,Hewie Adamo,44,1726.53,China,2024-12-03
388,Shea Dimitriades,34,2284.53,Russia,2022-01-15
389,Marleen Radnage,32,3733.05,Honduras,2019-09-26
390,Mead Zappel,21,3718.58,China,2025-12-26
391,Steward Godfrey,84,4704.29,Colombia,2024-10-06
392,Carie Stribling,43,2168.28,France,2021-02-01
393,Dorette Finan,87,4164.34,Indonesia,2023-09-06
394,Bron Dowthwaite,50,2292.8,Egypt,2019-11-03
395,Ferrel Mate,53,2437.24,China,2021-08-01
396,Helen-elizabeth Demschke,26,363.56,China,2022-04-06
397,Bernette De Beauchamp,84,2018.63,Canada,2019-06-21
398,Beauregard Ulyatt,16,4195.89,Peru,2020-03-20
399,Daron Kean,24,818.68,Russia,2020-04-18
400,Dosi Rohloff,53,4126.3,China,2025-07-20
401,Essie Deam,50,1134.92,Japan,2024-02-18
402,Pansy Cantillon,63,1852.69,Russia,2022-02-01
403,Lance Rozenzweig,81,2043.87,China,2022-11-29
404,Hector Crombie,25,723.14,Portugal,2025-12-24
405,Murray Harriskine,10,4756.49,Colombia,2023-09-14
406,Clarke Cauldwell,4,4433.89,Mexico,2020-01-30
407,Mayer Clubbe,89,694.77,Ukraine,2021-10-12
408,Leonhard Smales,51,684.48,Portugal,2020-06-28
409,Gregg Dinsmore,61,4496.01,Philippines,2025-07-25
410,Michelina Treker,87,2891.75,Portugal,2022-11-07
411,Jade Assaf,74,2797.32,Indonesia,2024-09-04
412,Arlan Askin,62,96.61,Paraguay,2024-09-14
413,Josepha Karlmann,82,1847.39,Philippines,2024-08-10
414,Lilyan Bingle,22,1817.99,Serbia,2025-11-07
415,Aurea Dowdell,13,1805.55,China,2020-03-17
416,Jenilee Farnell,28,4314.05,Sweden,2023-11-17
417,Zacherie Nickless,58,150.06,Philippines,2019-01-25
418,Gonzalo Ollerenshaw,70,3811.82,Colombia,2024-11-08
419,Lizzy Embling,41,3213.65,Portugal,2019-12-27
420,Kalila Hoff,46,1449.85,Greece,2020-06-11
421,Portie Leeming,77,1778.42,China,2020-03-14
422,Nalani Plaister,94,3338.03,China,2024-06-14
423,Lexis Caudelier,84,1205.27,United States,2025-10-23
424,Ivory Flintiff,77,2958.3,Reunion,2019-04-16
425,Gwenette Morcom,63,4450.4,Nigeria,2019-03-22
426,Dorris Mathwen,86,1153.45,Indonesia,2023-03-27
427,Barny Snuggs,64,744.36,France,2025-04-08
428,Base Viel,48,1188.37,China,2024-12-27
429,Cicily Rickson,45,3310.62,Brazil,2024-10-28
430,Melisenda Somers,41,1311.52,China,2019-10-13
431,Sharona Knotton,51,61.12,France,2022-10-22
432,Eloisa Heindrick,68,3431.94,Indonesia,2023-04-27
433,Gipsy Iacovino,57,39.36,China,2021-06-21
434,Agnes Keetch,36,1101.8,Canada,2024-05-10
435,Griselda Bummfrey,15,3228.74,Belarus,2025-04-27
436,Byran Ambrosetti,39,4581.43,Portugal,2021-08-12
437,Sibyl Ribeiro,70,1266.45,Nigeria,2024-10-30
438,Nonna Minster,94,2505.32,China,2022-10-31
439,Lorianne Gull,100,1751.13,Honduras,2022-03-12
440,Merwyn Rosle,92,798.65,Argentina,2019-11-26
441,Taddeo Hatwells,57,2635.41,China,2020-01-27
442,Wilona Muckian,29,3276.8,Indonesia,2019-02-04
443,Cordie Morton,94,3737.72,Thailand,2025-10-13
444,Celina Skeates,28,3741.42,Poland,2021-05-19
445,Brenn Bemlott,83,4996.94,Indonesia,2019-01-02
446,Goran Skuse,89,870.31,China,2023-10-15
447,Matthiew O'Reilly,87,156.14,China,2021-11-24
448,Fran Camings,81,846.64,Japan,2019-02-25
449,Sherwood Kobel,80,4112.78,China,2024-02-25
450,Gusella Beagrie,91,949.23,Greece,2019-07-24
451,Olia Curston,16,4508.07,Philippines,2025-05-14
452,Marlin Jellico,33,116.18,China,2023-07-27
453,Aubry De Francisci,81,1503.05,Haiti,2022-05-09
454,Elizabeth Tatum,50,4676.39,Indonesia,2025-08-03
455,Viole Mattei,73,3249.33,China,2020-08-15
456,Adelbert Labb,40,1826.51,Belarus,2022-12-11
457,Ethelin Marcu,30,2911.64,China,2021-11-09
458,Gay Hellin,3,2684.66,Ukraine,2020-04-05
459,Genna Arnolds,15,1341.45,Sweden,2021-08-01
460,Mariquilla Aldwich,11,4253.43,China,2022-03-19
461,Dinnie Cunradi,65,2278.05,Ukraine,2021-12-17
462,Montgomery Levens,93,4593.96,Indonesia,2021-03-10
463,Allayne Cogman,98,562.78,Argentina,2022-10-13
464,Nari Bathow,32,1638.42,Botswana,2019-10-30
465,Shelagh Schellig,84,2620.92,Vietnam,2021-11-13
466,Obie Clendening,96,2700.57,Malawi,2023-07-29
467,Carlin Bengall,26,240.39,Poland,2024-12-29
468,Vanna Messier,34,3764.89,Dominican Republic,2023-03-20
469,Weston Junes,62,3298.56,Malta,2021-09-13
470,Karina Wadworth,70,1319.31,China,2023-08-23
471,Zaccaria Print,86,1204.91,Poland,2023-09-15
472,Cross Mackriell,15,739.27,Philippines,2024-07-03
473,Giulio Habershaw,9,3183.42,France,2024-04-21
474,Mercie Dadge,28,22.66,China,2023-01-21
475,Erroll Laugharne,4,752.13,China,2022-12-19
476,Blisse Strut,52,3167.76,Indonesia,2021-09-08
477,Caye Swift,92,3171.76,Russia,2020-09-21
478,Genevra Stiller,24,1866.92,Senegal,2023-05-09
479,Cathy Vedishchev,62,3780.02,Ethiopia,2024-09-10
480,Dinah Veracruysse,57,329.19,China,2019-09-23
481,Mavis Naptin,4,4382.87,Philippines,2023-01-01
482,Mei Naulty,80,904.19,Afghanistan,2023-08-08
483,Farand Crevagh,62,648.38,China,2022-03-25
484,Corbett Golden,83,528.81,Poland,2019-10-15
485,Aidan Leal,31,2849.76,China,2019-01-22
486,Tye Haysham,17,4880.76,Iran,2024-05-10
487,Allin Nelligan,42,508.32,Guatemala,2023-12-30
488,Kaye Doby,80,919.41,Mexico,2022-08-08
489,Gabbi Temple,65,1602.8,China,2019-11-16
490,Florie Maddams,79,2262.0,Guatemala,2021-04-28
491,Gussi Asp,9,4383.26,Indonesia,2024-01-03
492,Si Linggood,30,257.58,Brazil,2021-12-15
493,Tally O'Doherty,94,714.65,Peru,2024-09-23
494,Raviv Lackinton,17,2626.86,Brazil,2025-08-26
495,Jeniece Verchambre,79,4881.33,Indonesia,2023-01-08
496,Dacie Waymont,63,2042.85,Russia,2025-04-28
497,Krystyna Rolland,89,4710.51,Argentina,2023-09-08
498,Adrea Peyntue,6,1443.11,Russia,2024-05-08
499,Lucais Esland,49,43.77,Russia,2025-10-27
500,Vanny Keig,4,291.58,China,2019-07-26
501,Cobb Tapsell,65,1886.79,Honduras,2021-09-17
502,Gunilla Terrazzo,34,423.66,Macedonia,2021-07-28
503,Dominic Mandry,34,3087.03,Iran,2023-12-27
504,Leisha Fynan,93,3956.96,Indonesia,2024-09-26
505,Beauregard Yaakov,57,4439.17,China,2021-10-28
506,Winfield Gwioneth,81,3404.74,Netherlands,2022-05-19
507,Marcie Dundendale,8,3033.37,Netherlands,2019-12-18
508,Kennedy Pezey,70,4175.73,Brazil,2022-07-31
509,Lita Ginnell,50,4951.25,Indonesia,2022-05-25
510,Joane Barthorpe,37,843.9,Philippines,2020-03-16
511,Dore Darwent,88,3794.52,France,2025-09-03
512,Ileane Schutt,68,2608.08,China,2019-06-05
513,Heinrik Brion,9,2827.57,Iran,2022-06-06
514,Shirlee Wollrauch,56,2614.09,Brazil,2021-06-24
515,Wenona Hatchett,3,4878.0,Philippines,2023-03-16
516,Barrie McMurty,11,2143.27,Guatemala,2024-05-01
517,Shell Worham,31,2609.37,Japan,2023-02-09
518,Michell Autry,100,3908.48,Brazil,2025-03-31
519,Stephana Georghiou,83,4685.24,Argentina,2023-12-14
520,Violetta Bower,53,4052.04,China,2020-12-15
521,Levy Pearne,99,639.69,Indonesia,2022-07-20
522,Emogene Tethcote,59,1135.29,United Kingdom,2022-07-10
523,Megan Deason,48,3918.72,Kazakhstan,2025-07-20
524,Marsh Manske,46,2677.74,Indonesia,2024-08-22
525,Salmon Heinke,23,1859.94,Indonesia,2024-08-09
526,Nichole Scoates,100,3690.02,United States,2020-08-21
527,Sigismund Thatcher,88,809.25,Portugal,2019-05-05
528,Kassandra Feasley,3,568.29,Indonesia,2020-12-22
529,Blaire Willison,37,2519.3,Indonesia,2020-12-27
530,Henrik Drakes,38,3082.14,Egypt,2022-11-13
531,Anneliese Kloss,33,2796.82,Poland,2023-08-07
532,Douglass Krysztowczyk,28,48.55,Nepal,2021-09-08
533,Margery Brosel,36,3519.48,Peru,2024-11-25
534,Esther Steptowe,65,4226.5,China,2021-09-18
535,Fair Turk,61,2097.13,China,2019-02-13
536,Clerissa Garritley,56,1705.04,Indonesia,2022-01-21
537,John Cutridge,36,4632.56,Indonesia,2025-12-10
538,Sherwood Hartmann,4,1377.09,Pakistan,2021-04-24
539,Virgina Mc Ilory,61,2329.46,Indonesia,2021-10-30
540,Laureen Jordeson,98,3087.7,Bulgaria,2021-05-28
541,Dennis Wolfinger,47,4225.65,Bosnia and Herzegovina,2024-12-24
542,Emelita Vasentsov,44,4256.35,Cuba,2021-08-08
543,Kari Roseborough,21,2550.59,China,2020-03-08
544,Carmella Took,11,3792.76,Burundi,2023-06-30
545,Odette Banke,73,3546.59,China,2021-05-25
546,Ly Di Pietro,77,1375.23,Armenia,2022-04-21
547,Bonnee Merrien,15,1105.48,China,2024-04-20
548,Katlin Davidowich,18,3649.23,Indonesia,2024-09-12
549,Morse McGahy,73,4289.88,Colombia,2025-09-12
550,Nadya MacCague,100,3225.19,Indonesia,2020-06-22
551,Merle Hessenthaler,42,3183.62,Canada,2021-07-14
552,Fritz Offin,52,1912.25,Uganda,2021-10-26
553,Rustin Westwell,16,1095.22,Indonesia,2020-07-07
554,Janet Hallbord,64,3302.34,China,2022-01-27
555,Randal Snaddon,28,959.48,Argentina,2021-04-02
556,Chrissie Blakiston,65,2661.11,Poland,2021-06-03
557,Christal Bonner,74,3891.3,Finland,2019-11-05
558,Bennie Watkins,55,4266.82,Poland,2022-06-02
559,Chaddie Gopsell,18,435.78,Portugal,2021-03-17
560,Kyla Esh,37,2232.96,Indonesia,2022-06-17
561,Frasier Du Fray,16,2157.6,China,2023-06-07
562,Wilow Hurleston,1,3106.23,China,2021-11-14
563,Tandy Parmer,74,1608.63,France,2021-11-29
564,Alvin Hasser,68,2216.33,Turkmenistan,2025-07-15
565,Jobye Acomb,54,1655.16,China,2020-01-06
566,Lilian MacArte,33,4543.77,China,2020-09-06
567,Marjy Flipsen,13,657.93,Thailand,2024-07-06
568,Hestia Roust,79,3719.19,Slovenia,2025-09-17
569,Nap Giacobilio,67,175.83,Russia,2020-02-18
570,Joel Hagston,17,340.33,China,2022-04-26
571,Micki Hakes,77,4527.15,Latvia,2025-03-10
572,Jessy Cattlow,28,4364.69,Philippines,2022-05-13
573,Ingeberg Gunner,10,3193.5,Indonesia,2024-03-03
574,Reilly Hazlewood,49,478.95,Mexico,2021-03-28
575,Brigit Martinie,38,1280.56,Poland,2023-03-17
576,Brigid Stych,30,4913.2,United States,2021-09-17
577,Windy Garbert,47,1485.29,China,2021-03-22
578,Liam Stembridge,84,3219.29,North Korea,2025-12-23
579,Orbadiah Ruxton,40,2913.03,Indonesia,2024-05-16
580,Randy Bisson,10,3171.24,Russia,2025-06-26
581,Antonin Holtaway,31,2699.84,Poland,2020-05-23
582,Justino Lowth,37,3573.04,Portugal,2023-08-14
583,Aldo Castillo,95,4940.44,Honduras,2024-07-01
584,Meghann Elven,21,4775.75,Comoros,2021-02-23
585,Chance Jelly,11,1011.06,Spain,2020-04-26
586,Nathaniel Latchmore,2,2028.9,United States,2024-06-09
587,Merrie Penylton,85,428.18,Honduras,2022-08-19
588,Catlee Hempshall,54,3660.81,China,2025-01-02
589,Jacinta Bricham,94,1314.38,Nigeria,2025-01-10
590,Wilone Denge,72,2632.04,Peru,2022-07-22
591,Thadeus Baroch,43,4245.47,Nigeria,2021-05-22
592,Wayland Ling,43,3007.27,Philippines,2023-02-24
593,Mariellen Portwain,27,147.82,Czech Republic,2019-02-14
594,Lanae Roseman,63,3523.52,Philippines,2023-10-16
595,Agustin Carloni,51,865.21,China,2020-09-14
596,Waldon Souttar,8,2621.47,China,2020-06-02
597,Jarib Dallmann,46,3809.42,France,2024-11-07
598,Ingaberg MacEvilly,51,1940.04,France,2025-06-17
599,Blanca Chambers,30,2235.41,Philippines,2019-04-27
600,Roanna Fittes,11,2686.02,Colombia,2022-11-20
601,Odilia Assel,13,293.6,Ireland,2020-09-19
602,Elfreda Adamo,23,1082.48,Brazil,2021-06-26
603,Bethena Winders,60,4005.55,Lithuania,2020-11-20
604,Alonzo Coil,39,1733.18,Argentina,2023-04-18
605,Eyde Dufaire,32,2599.47,Tunisia,2024-12-05
606,Camille Beaufoy,16,1839.14,China,2020-09-11
607,Jenelle Celier,36,1079.49,Nigeria,2023-12-30
608,Danika MacCathay,32,1872.58,China,2021-10-31
609,Carter Cammis,60,774.09,Philippines,2022-02-26
610,Etty Bauldry,31,1715.98,Nigeria,2021-12-03
611,Arabel Duffie,41,715.74,Ukraine,2023-04-21
612,Marty Gooderridge,17,361.41,Indonesia,2020-01-25
613,Matty Squibbs,36,2582.45,Indonesia,2025-12-24
614,Wainwright Jeanet,1,2705.15,Uganda,2019-12-01
615,Joela Anthoin,34,3597.15,Saint Helena,2019-10-12
616,Trumaine Mackison,63,3289.5,Mongolia,2022-08-14
617,Anissa Larkcum,49,4071.01,Poland,2020-04-29
618,Rollin Fonso,100,4320.49,Portugal,2019-08-27
619,Aurelea Rapsey,74,2447.05,China,2019-02-02
620,Fitz Braybrooks,25,4290.62,Indonesia,2023-04-22
621,Grady Jeynes,62,791.45,Indonesia,2025-12-22
622,Kimberly Baylay,10,859.03,Russia,2019-11-21
623,Pavel Scoyne,51,3364.82,Philippines,2024-10-24
624,Elihu Hawley,48,478.65,United States,2024-05-26
625,Janeen Rowbottom,69,162.8,Russia,2019-10-27
626,Bebe Buten,52,265.66,Indonesia,2021-08-01
627,Gayler Gavin,95,4894.36,Russia,2022-07-31
628,Claudius Sawter,10,1481.89,Democratic Republic of the Congo,2021-12-30
629,Miguel Nuccii,11,3244.33,China,2020-06-26
630,Mata Popeley,54,2334.5,Russia,2025-09-08
631,Liza Parkhouse,64,4471.79,Brazil,2025-02-24
632,Inez Abbots,54,676.28,Sweden,2023-01-05
633,Davine Algeo,46,4978.03,Colombia,2021-01-14
634,Janel Middleditch,38,431.84,China,2021-07-28
635,Garey Le Friec,34,515.33,Sweden,2024-09-25
636,Gaston Zanelli,96,4955.76,Tanzania,2019-12-02
637,Ethe Olek,77,2028.38,Indonesia,2024-01-23
638,Waly Derrell,59,1990.21,Czech Republic,2025-07-03
639,Cosette Newe,4,4129.85,Mexico,2019-01-29
640,Stacia Aseef,25,3041.36,Jamaica,2025-10-17
641,Clarette Onions,39,4156.75,Indonesia,2025-10-01
642,Mellicent Birkbeck,63,369.6,Zambia,2022-03-03
643,Xerxes Dymott,81,2294.53,Russia,2019-10-07
644,Cleopatra Blanque,49,3119.89,Ethiopia,2019-07-19
645,Sallyann Rimell,20,4166.55,Brazil,2020-08-23
646,Calypso Edgcumbe,69,2753.54,China,2020-12-29
647,Ricoriki Radolf,65,3969.34,China,2023-12-01
648,Lilllie Jodlkowski,49,1586.4,Philippines,2021-09-26
649,Rickie Feavearyear,83,296.77,Ukraine,2022-05-03
650,Morton Cossentine,37,1725.13,Canada,2022-04-19
651,Damien Eddis,9,1222.27,China,2019-10-01
652,Dulciana Vellender,90,3362.49,Peru,2020-05-30
653,Clare Stobbart,71,4044.51,Russia,2025-12-22
654,Debbie Kopke,30,1873.53,China,2022-09-13
655,Ginnie Yellowlee,13,1119.75,China,2024-04-24
656,Chaddie Bigg,25,4845.77,Costa Rica,2019-05-28
657,Odessa Rowlatt,5,2244.5,Jamaica,2020-10-01
658,Bruno Penddreth,16,3307.84,Colombia,2019-05-06
659,Cam Bounds,5,1679.39,Republic of the Congo,2020-07-17
660,Ginnifer Pittford,55,4402.36,Cameroon,2020-08-21
661,Reggie Wooffinden,13,461.66,Portugal,2021-04-19
662,Margaretha Jakovijevic,24,512.43,Greece,2023-07-05
663,Oates Peplay,22,1399.15,Chile,2021-04-25
664,Thomasa Linzey,41,3259.04,Yemen,2020-10-20
665,Rozelle Messham,29,3376.12,Russia,2019-10-22
666,Duffie Poulsom,20,3700.23,Colombia,2025-03-09
667,Kipp Blagbrough,87,4884.69,China,2022-04-07
668,Sebastien Brozek,47,3314.23,Venezuela,2024-12-28
669,Isador Sturrock,6,1390.65,Brazil,2024-08-17
670,Ruthanne Entwhistle,94,1655.07,China,2019-01-29
671,Xylia Bratt,53,340.48,Indonesia,2025-05-29
672,Hartwell O'Grady,29,4709.81,Russia,2022-07-16
673,Peggy Caddy,98,527.56,Tanzania,2020-06-09
674,Nerty Wiltshaw,95,2061.7,China,2019-02-03
675,Alexia Sivorn,84,4780.38,China,2024-03-31
676,Karisa Androli,87,1067.61,Indonesia,2025-11-27
677,Shaun Winkle,66,417.99,Iran,2025-03-27
678,Sydney Durham,86,3594.15,Jordan,2024-03-26
679,Ivett Gradly,95,800.82,Bangladesh,2020-04-12
680,Romonda Moggie,3,1734.21,China,2020-03-04
681,Alexander McLugish,21,3597.39,Nigeria,2023-12-02
682,Quinn Speirs,90,3158.87,Indonesia,2025-11-29
683,Jessamyn Di Pietro,70,1874.38,France,2024-06-28
684,Bertie Seilmann,87,2118.26,Russia,2024-01-02
685,Dorri Ronan,43,4532.99,Luxembourg,2020-08-16
686,Emilie Stickney,3,4779.36,Vietnam,2024-10-24
687,Brig Dury,100,1091.59,Russia,2025-08-10
688,Tybi Overill,18,4696.71,Sweden,2020-09-29
689,Errol MacLaverty,21,2657.82,Canada,2019-05-21
690,Pieter Epine,59,3507.97,Guatemala,2023-12-01
691,Giselbert Janusz,99,4939.43,China,2022-05-31
692,Etienne Bamber,85,2656.01,Colombia,2019-10-23
693,Ambrosius Tick,17,2260.47,Czech Republic,2023-09-15
694,Serena Penk,99,623.68,China,2023-05-15
695,Calypso Stobbes,76,4877.31,Indonesia,2024-01-13
696,Jamey Corwin,10,2962.42,Palestinian Territory,2023-08-24
697,Franklyn Gussin,77,2644.56,Tanzania,2022-02-23
698,Felicle Brotherwood,59,4187.28,Morocco,2021-12-12
699,Netty Linfitt,15,3669.63,Albania,2019-11-08
700,Nadya Futcher,77,2719.08,Portugal,2022-12-04
701,Delilah Waller-Bridge,88,2802.96,Russia,2020-06-27
702,Barbie Bew,87,84.42,Mexico,2022-06-30
703,Urson Gabitis,39,1777.54,Argentina,2022-10-01
704,Rosemaria Glaves,54,4363.5,Philippines,2019-07-01
705,Danila Di Ruggiero,81,3205.13,Portugal,2019-09-05
706,Tomlin Duffit,16,4650.01,Vietnam,2025-12-20
707,Bran Cattenach,6,2394.29,Philippines,2022-01-20
708,Juliet Setchfield,90,2317.71,Indonesia,2020-04-25
709,Anita Grigg,89,1394.84,Indonesia,2022-11-20
710,Davidson McWilliams,17,644.51,Philippines,2023-09-04
711,Geneva Gudde,1,4337.24,Sweden,2019-04-25
712,Farleigh Norman,10,2230.83,Poland,2024-09-28
713,Sansone Pearle,84,3497.21,Poland,2024-01-19
714,Lyndell Judge,30,444.18,Mexico,2025-06-26
715,Gil Abela,79,1506.6,Colombia,2021-07-16
716,Thurstan Pottie,76,3896.31,Portugal,2023-10-08
717,Mikaela Kunze,30,709.22,United States,2024-04-14
718,Dehlia Sherwin,1,4088.83,Russia,2025-07-10
719,Gerty Dickenson,34,3713.09,Russia,2021-09-08
720,Cosimo Fewless,29,3623.91,Indonesia,2022-07-25
721,Natala Massimi,99,1341.34,Argentina,2021-09-24
722,Caresa Blamey,49,2295.76,Andorra,2023-07-12
723,Leo Donnersberg,76,2958.65,Chile,2022-11-01
724,Christyna Gwyneth,35,4671.67,Portugal,2022-08-25
725,Frannie Spinnace,88,890.32,Brazil,2020-05-17
726,Everard Bedinham,75,2110.24,Pakistan,2020-03-29
727,Lorrie Sousa,28,211.47,Namibia,2025-12-01
728,Byrann Triggel,37,1596.88,Russia,2024-12-13
729,Jules Younghusband,80,2361.41,China,2020-03-06
730,Killie Rundle,90,4426.35,Saint Lucia,2022-05-05
731,Nita Suffield,35,1126.31,China,2020-03-03
732,Codi Hoffman,39,4644.68,Ivory Coast,2025-05-25
733,Gregor Wickes,55,4594.97,Indonesia,2019-07-06
734,Sallie Spavon,54,4571.42,Jamaica,2019-08-11
735,Wit Smallshaw,11,1185.31,China,2025-12-22
736,Bryn Zappel,17,1363.21,Philippines,2024-06-17
737,Theodosia Aumerle,33,2281.98,China,2023-12-17
738,Avram Grigolli,43,3297.81,China,2021-04-10
739,Terrye Gehrts,81,4716.25,Estonia,2023-10-27
740,Vanni Crookes,79,3549.03,Poland,2021-07-09
741,Leigha Ounsworth,49,2826.1,Moldova,2023-02-02
742,Iseabal Geraudy,81,4460.81,Uzbekistan,2023-12-26
743,Xenos Achurch,16,3592.45,Russia,2019-04-07
744,Sibelle Bumford,97,3596.29,China,2019-12-29
745,Caldwell Ivancevic,100,3432.95,United States,2022-08-10
746,Berkeley Myers,3,2415.18,Philippines,2023-12-18
747,Carlie Wakely,96,2301.24,Philippines,2020-04-04
748,Garrek Chesters,30,2410.32,Norway,2023-01-03
749,Oswald Hilbourne,38,4270.32,China,2019-06-12
750,Katinka Tupling,87,37.95,Colombia,2019-01-08
751,Luz Andrys,43,803.46,Nigeria,2023-07-31
752,Stacy O' Culligan,4,3091.37,Tajikistan,2021-07-02
753,Wileen Burcombe,98,2792.02,China,2023-05-11
754,Izabel Bonafant,21,4650.17,Thailand,2021-04-16
755,Krispin Smeeton,81,3309.46,Venezuela,2019-10-22
756,Donia Kern,81,753.04,Ecuador,2022-12-31
757,Trina Kitcherside,29,2678.24,Portugal,2019-05-03
758,Theresina McManamon,7,2917.41,Indonesia,2023-11-04
759,Wolfy Bukowski,58,2040.46,Philippines,2021-06-09
760,Julee Stetson,23,4110.02,Indonesia,2020-08-06
761,Hallsy Gotter,29,3357.73,United States,2021-11-05
762,Lemmie Abrehart,82,205.33,Mexico,2024-08-14
763,Dicky Cosins,11,409.56,Russia,2019-03-31
764,Moritz Stampe,34,3661.5,China,2022-12-26
765,Torrence Pacey,97,3324.35,Poland,2025-10-27
766,Morgana Whannel,58,4608.78,China,2021-08-08
767,Yolanthe Matfield,50,4275.42,Malaysia,2021-06-12
768,Barry McTurk,63,4740.18,Russia,2019-11-11
769,Tabbi Larderot,3,2866.56,France,2021-11-04
770,Inness Sarney,79,4559.92,Colombia,2023-04-25
771,Moritz Strowthers,78,580.71,Montenegro,2024-07-17
772,Scottie Alliker,48,555.67,Austria,2023-08-18
773,Barby Brunet,54,3840.56,Ireland,2019-03-16
774,Norman Breche,6,2525.25,Albania,2023-01-19
775,Isabella Bettesworth,66,3348.16,Portugal,2021-04-01
776,Leila Slee,42,1444.42,United States,2019-02-11
777,Alec Muck,88,1386.16,South Africa,2024-02-28
778,Giustina Vanichkin,47,844.3,Russia,2024-11-29
779,Haley Lorriman,91,2676.12,South Africa,2024-09-12
780,Catie Dibsdale,1,4434.31,Poland,2020-05-31
781,Clemmy Kaming,80,391.35,Poland,2020-09-24
782,Barrie Cheevers,96,1731.94,Mexico,2024-04-03
783,Eduardo Bartleman,50,508.51,Japan,2024-05-05
784,Cindee Mottini,17,842.72,Philippines,2021-12-19
785,Isador O'Corren,79,1156.82,Bulgaria,2021-06-14
786,Margarette Paten,48,484.15,Bahamas,2024-11-13
787,Renaldo Devonald,23,3971.15,China,2025-12-08
788,Marietta Aldham,10,3200.52,United States,2020-05-30
789,Janaye Dallyn,49,4946.29,Indonesia,2022-07-01
790,Gordy Trevon,13,960.66,France,2024-10-25
791,Pegeen Alster,4,4593.57,Pakistan,2025-05-27
792,Timoteo Hullyer,94,222.3,Afghanistan,2025-07-04
793,Moss Wolton,29,4661.72,China,2019-02-05
794,Sylvester McRuvie,31,2353.88,Luxembourg,2023-12-06
795,Marylee Hinrich,91,389.01,China,2022-09-16
796,Arlie Driver,77,4649.17,Bulgaria,2024-10-04
797,Alastair O'Haire,54,4964.06,Thailand,2024-10-09
798,Stacy Stear,78,1320.44,Russia,2023-10-06
799,Felicio Moffet,88,2686.21,Indonesia,2025-01-06
800,Tera Sebrens,64,4054.4,Yemen,2023-10-17
801,Putnem Donnelly,20,3576.45,China,2021-12-20
802,Paul Aymes,50,2521.86,Indonesia,2024-05-07
803,Donnamarie La Croce,81,4748.89,Serbia,2020-01-29
804,Idalina Pagnin,42,866.97,Kosovo,2022-10-18
805,Hilarius Pickrill,84,4104.77,Russia,2020-06-18
806,Reine Edgeller,16,4098.57,Philippines,2024-10-13
807,Sullivan Wiskar,46,3484.82,South Sudan,2019-07-15
808,Lorne Wickstead,92,4511.87,Portugal,2019-08-26
809,Truman Tunno,78,3752.7,Bangladesh,2024-01-31
810,Erie Drever,99,2114.28,Greece,2025-08-22
811,Maximilien McMains,25,1910.2,Sweden,2023-01-09
812,Aili Meneux,20,540.95,Mayotte,2020-12-02
813,Roana Ramsbottom,25,769.7,United States,2021-12-02
814,Tyson Illingworth,48,3346.0,Russia,2019-04-14
815,Karin Kilkenny,6,2431.23,Greece,2022-04-28
816,Penny Meacher,82,1310.56,Japan,2021-03-15
817,Emili Raiker,91,3947.57,Malaysia,2022-10-09
818,Alphard McCourt,26,4801.82,Thailand,2020-05-15
819,Perla Jurisic,82,406.07,Poland,2020-06-23
820,Ricky Mathet,12,2819.39,Portugal,2025-09-06
821,Lizabeth Blomfield,27,2921.0,Nigeria,2022-10-26
822,Kamila Finby,39,3956.26,Lithuania,2021-08-11
823,Arie O'Coskerry,69,4572.99,China,2020-08-14
824,Pamelina Vickery,16,859.06,China,2024-11-06
825,Maison Kyncl,62,2483.7,China,2025-08-17
826,Felipe Rushman,62,1885.9,Mexico,2024-05-26
827,Dino Huxham,28,2386.46,Philippines,2021-04-27
828,Benjy Meconi,47,4921.92,China,2020-10-14
829,Renie Lusted,18,4922.29,Czech Republic,2025-02-03
830,Imelda Briiginshaw,30,288.72,Japan,2021-09-10
831,Berty Adolthine,75,3519.02,Indonesia,2025-05-30
832,Genni Boggish,74,1900.2,Zimbabwe,2022-04-30
833,Kristos Lasslett,34,1348.09,Iran,2020-08-26
834,Galvan Attenburrow,3,622.28,Indonesia,2023-11-09
835,Wynn Klaas,17,3719.78,Albania,2025-08-30
836,Farlie Pietruszewicz,81,402.39,Albania,2020-02-20
837,Wheeler Guilfoyle,97,2304.69,Italy,2022-05-20
838,Ronica Moresby,62,1621.25,Morocco,2021-05-21
839,Seamus Ludy,37,4612.89,Indonesia,2023-11-14
840,Aldin Kippins,86,526.07,Afghanistan,2025-07-30
841,Rooney Rowson,16,4980.94,China,2021-10-23
842,Celka Beaves,15,3518.33,Slovenia,2019-03-18
843,Laurette Timeby,79,4024.14,Albania,2019-09-21
844,Nathalie Casarino,1,1545.71,Tanzania,2022-04-15
845,Yetty Fearfull,4,1385.78,France,2020-01-28
846,Sonni Yegorov,28,3689.24,Cyprus,2022-02-24
847,Trent Hedan,45,1128.33,Indonesia,2024-11-11
848,Nan Benge,44,3918.03,Sweden,2019-01-13
849,Tremaine Dulinty,13,1270.13,Brazil,2021-10-04
850,Cheslie Bloom,87,3679.78,Russia,2019-12-08
851,Nadiya Morican,6,4059.56,Greece,2019-02-06
852,Sheppard Redmore,22,2996.7,Turkmenistan,2025-05-29
853,Kyle Junkin,34,4185.82,Japan,2023-03-22
854,Fonsie Tratton,5,874.71,China,2019-03-11
855,Kaitlin Danton,25,1038.33,Indonesia,2023-05-07
856,Prescott Georgeot,54,2906.65,Sweden,2023-12-17
857,Tildy Fannin,61,3520.52,China,2021-12-28
858,Kelsy Wippermann,49,4986.91,Honduras,2020-03-19
859,Alfredo Trammel,21,4130.48,Portugal,2019-08-20
860,Elita Gelland,29,1856.96,Indonesia,2022-09-26
861,Gabriellia Nugent,90,1013.37,Kazakhstan,2023-03-26
862,Prissie Wakelin,18,2149.8,Vietnam,2024-06-08
863,Bride Oxbrough,66,4556.01,Dominican Republic,2022-09-21
864,Elsy Zambon,83,2792.73,Brazil,2021-08-13
865,Roddie Habin,9,4447.7,Peru,2024-04-23
866,Charlean Soitoux,8,1564.98,China,2022-11-25
867,Shirley Dolan,9,186.0,Portugal,2023-06-05
868,Titos Vivian,66,961.6,China,2024-11-03
869,Ursulina Entwistle,88,4668.31,Ukraine,2021-09-15
870,Klemens Copley,5,3310.33,Indonesia,2019-01-31
871,Goddart Hutable,51,1233.72,Japan,2023-04-04
872,Thadeus Beatty,64,4796.6,Tanzania,2024-12-07
873,Paola Casero,100,366.88,China,2025-06-09
874,Crystie Loughney,76,3748.89,China,2019-08-07
875,Thain Tideswell,100,3348.8,China,2021-02-09
876,Anthea Youell,26,4274.83,China,2019-03-03
877,Nicolle Kehri,27,3669.21,Croatia,2023-03-27
878,Killie Stayt,20,841.36,Sierra Leone,2024-10-27
879,Burlie Bradburn,18,4473.95,Russia,2022-02-27
880,Valdemar Beardow,92,1944.38,Indonesia,2022-09-06
881,Anderea Rollins,38,1800.54,Brazil,2022-02-05
882,Van Lexa,2,3030.01,Philippines,2019-07-01
883,Jacklin Tunnacliffe,43,1238.53,Moldova,2025-05-26
884,Alexi Stute,62,234.27,Indonesia,2021-01-25
885,Beatrix Gemelli,4,3317.25,China,2021-01-27
886,Kandace Balbeck,92,477.19,Indonesia,2025-11-28
887,Jammie Birkenhead,60,3569.35,Brazil,2025-06-25
888,Roley Syratt,38,3111.01,Japan,2023-08-06
889,Robert Cristofano,63,2563.97,Russia,2023-10-21
890,Rachele Dulinty,77,1431.53,Palestinian Territory,2020-12-06
891,Lesli Drynan,81,2642.25,Philippines,2020-03-06
892,Shepherd Digle,3,169.46,China,2021-06-24
893,Melisse Collough,100,3785.42,South Africa,2023-06-02
894,Rutledge Esparza,31,2390.93,China,2019-03-18
895,Karisa Wiper,73,1696.44,Malaysia,2024-08-28
896,Betteanne Beddoes,2,4391.48,Sweden,2025-06-09
897,Millard Balsdon,22,2888.26,China,2021-03-21
898,Vally Franklyn,56,3049.83,France,2022-01-12
899,Clare Olley,84,344.42,China,2023-10-25
900,Sheilah Klich,41,3755.75,Serbia,2021-02-17
901,Bartolomeo Radmer,93,1964.68,Indonesia,2025-01-28
902,Garrott Barbary,2,2588.39,Portugal,2023-05-12
903,Annabela Lambrook,44,4240.13,Indonesia,2019-11-05
904,Caroline Hynam,3,4504.44,Democratic Republic of the Congo,2020-09-27
905,Joyous Lockitt,37,3781.83,Pitcairn,2020-05-13
906,Daune Dannehl,90,1258.61,Brazil,2025-07-19
907,Perri Parsons,9,4040.74,Greece,2023-04-18
908,Charlot Salatino,8,4414.81,Indonesia,2022-08-12
909,Artemis Kingswood,74,3505.62,Portugal,2021-08-22
910,Rosalinda Hardware,54,3014.02,Sweden,2022-11-23
911,Ilise Etchingham,56,1968.74,Russia,2019-09-29
912,Augustine Smidmore,76,1207.13,France,2019-03-10
913,Carmelina Wilsone,32,3429.72,China,2023-10-11
914,Andris Durand,51,3427.02,Indonesia,2023-10-07
915,Cindra Toffanelli,24,3009.39,Indonesia,2025-04-22
916,Norman Sellack,91,4729.01,Croatia,2019-05-31
917,Alvina China,92,16.29,China,2024-12-16
918,Dudley Kolyagin,76,157.52,Indonesia,2020-02-22
919,Latrina Caldera,99,253.19,Angola,2022-11-15
920,Terza Mannakee,52,328.98,Guatemala,2025-06-28
921,Ellerey Alywin,92,3397.18,Brazil,2021-08-15
922,Dallas Morden,56,4496.49,China,2022-09-26
923,Arley Desmond,76,3515.04,Azerbaijan,2020-04-02
924,Torrance Laybourn,36,3714.75,Portugal,2021-07-10
925,Artur Southall,48,3334.88,Belgium,2019-04-07
926,Nelli Corten,11,2994.52,Philippines,2022-05-30
927,Carma Blenkiron,77,2106.28,Philippines,2023-11-21
928,Kendal Proschke,24,4128.52,Uruguay,2023-09-28
929,Shellysheldon McGiffin,78,2609.94,Ukraine,2023-03-22
930,Pier Trenbey,74,1078.3,Mongolia,2023-12-17
931,Yvor Gavin,58,2840.44,China,2025-10-16
932,Chan Dubois,82,1232.57,Croatia,2021-06-05
933,Thornton Janata,52,3416.56,Russia,2024-03-23
934,Felicia Grevatt,81,2998.22,Argentina,2024-05-07
935,Cornell Dielhenn,11,3956.3,South Africa,2021-02-17
936,Angeli O'Farris,44,3691.51,Indonesia,2021-12-14
937,Jason Braddock,87,3726.11,China,2023-06-09
938,Michaela Macilhench,50,1508.47,Indonesia,2025-11-09
939,Isidora Hazelden,24,3435.28,China,2020-01-31
940,Ines Biggs,92,4209.14,China,2020-07-13
941,Vaughn Worsnap,10,4308.8,Portugal,2025-05-14
942,Esme Helstrip,35,1007.28,Yemen,2020-02-11
943,Cullin Vaughan-Hughes,51,4141.02,Brazil,2020-10-29
944,Whittaker Haet,82,1311.35,Norway,2023-09-18
945,Pietrek Nannoni,14,4419.32,Japan,2019-01-07
946,Vanessa Feben,55,1258.17,China,2023-06-17
947,Sancho Wardrop,48,3206.98,Philippines,2025-03-08
948,Alic Whightman,88,3135.72,Indonesia,2020-04-11
949,Nicolai Garralts,47,1323.23,Cameroon,2022-11-14
950,Hertha Massei,89,782.08,Philippines,2024-06-15
951,Chico Eakin,83,3441.16,Indonesia,2023-03-27
952,Rolf Wildblood,42,2639.81,France,2019-04-16
953,Henrik Dabels,23,3193.01,Ukraine,2021-11-04
954,Austina Cawdron,38,1953.82,Peru,2019-01-04
955,Babbette Gowman,78,224.32,China,2024-09-04
956,Fraze Arnatt,45,4673.14,Poland,2024-08-10
957,Tonie Tocknell,97,4401.29,China,2024-12-19
958,Che Ingrem,41,1989.72,Indonesia,2023-07-27
959,Caro Lowles,27,4368.16,Brazil,2020-11-08
960,Karin Oswald,90,2122.46,China,2022-01-12
961,Garrick Poter,96,3843.6,Russia,2022-07-08
962,Jamaal Adamkiewicz,81,2558.71,United States,2020-01-26
963,Jo-anne Clutram,89,2029.62,Kazakhstan,2021-12-15
964,Delly Danton,90,47.58,Russia,2021-09-24
965,Barbie Halegarth,41,4704.56,Brazil,2020-10-05
966,Tirrell Oley,14,4752.28,China,2022-02-24
967,Hettie Keymar,15,3842.35,Thailand,2025-03-11
968,Trent Mangam,91,1144.24,Croatia,2023-10-22
969,Maurits Irving,11,2262.07,China,2022-05-11
970,Leeanne Truce,90,4028.29,France,2020-06-11
971,Lexis Summons,83,1880.32,Brazil,2020-05-19
972,Othelia Seer,35,4674.51,Indonesia,2019-12-24
973,Carina Joel,17,740.68,Indonesia,2020-05-09
974,Basile Pearl,35,1519.1,Portugal,2020-12-26
975,Gideon Frew,29,1195.26,China,2025-01-22
976,Mia MacCallion,72,4306.77,Poland,2024-05-18
977,Cointon Gowlett,79,4754.46,Finland,2024-11-12
978,Tammie Manicom,61,837.27,China,2022-10-23
979,Betteann Cawthron,79,3775.78,Portugal,2021-05-24
980,Donnell Patullo,92,4859.47,Colombia,2021-01-02
981,Candide Daelman,73,4662.86,Philippines,2021-03-02
982,Terrie Huddle,68,2384.19,France,2025-03-09
983,Winfred Dunbar,56,3827.36,China,2023-10-26
984,Minni Corpe,31,4571.3,Netherlands,2025-09-28
985,Aaren Roddy,81,3760.95,Ukraine,2022-11-07
986,Marlin Seeman,90,4141.63,Russia,2020-01-03
987,Merilyn Dybbe,77,674.1,Portugal,2022-10-11
988,Dennis Chander,20,3646.22,Indonesia,2024-10-14
989,Chlo Malcolmson,55,654.83,South Africa,2019-03-26
990,Hewitt Fewings,22,480.78,Brazil,2025-08-26
991,Candra Ellis,14,1600.27,China,2019-09-10
992,Bessie Mugridge,91,1292.04,Thailand,2021-04-07
993,Ernestus Standeven,45,2556.16,China,2024-05-29
994,Kevin Drewet,86,2363.35,Greece,2024-02-02
995,Rikki Liccardi,94,3412.96,China,2025-11-14
996,Karlyn Baiden,13,3539.72,Serbia,2019-01-01
997,Dagny Rankcom,27,2303.1,China,2019-06-06
998,Clemmie Hebble,23,4419.31,Brazil,2022-03-20
999,Sheffy Plumtree,12,3856.43,Indonesia,2021-09-02
1000,Kurt Quaif,68,1174.88,Micronesia,2020-12-03
