customerid,name,age,purchaseamount,country,date,age_group,purchase_category
1,Starlene Lowdham,7,2538.44,Indonesia,2021-05-11,Teen,VIP
2,Inez Segrott,97,1666.13,Morocco,2024-10-16,Senior,VIP
3,Wilmette McNerlin,74,1291.57,South Africa,2022-10-28,Senior,VIP
4,Randolph Babber,9,2464.18,Russia,2022-09-14,Teen,VIP
5,Tamarah Bolin,76,4596.19,China,2022-12-02,Senior,VIP
6,Stanislas Cleaton,98,3303.37,Japan,2019-03-24,Senior,VIP
7,Naomi Kean,54,2312.3,Poland,2025-10-22,Senior,VIP
8,Turner Adran,1,1217.87,China,2019-12-08,Teen,VIP
9,Lianne Lilburn,69,2493.17,Indonesia,2022-04-06,Senior,VIP
10,Aggy Sambidge,36,4464.09,Portugal,2019-05-31,Adult,VIP
11,Rudolph Tripon,5,4785.02,Philippines,2024-05-03,Teen,VIP
12,Orbadiah Kenningham,21,3785.56,Indonesia,2022-08-24,Young Adult,VIP
13,Amory Kilmaster,31,3669.13,China,2022-11-07,Young Adult,VIP
14,Adrea Spellicy,29,1607.87,Peru,2024-01-23,Young Adult,VIP
15,Moise Chilver,35,4299.58,Peru,2022-08-21,Young Adult,VIP
16,Juieta Gouge,84,3067.73,Russia,2022-06-10,Senior,VIP
17,Avrom Mobley,86,4218.1,China,2020-02-13,Senior,VIP
18,Natty Etter,5,1950.65,Poland,2023-07-16,Teen,VIP
19,Linell Skeates,56,2741.48,United States,2021-11-16,Senior,VIP
20,Wendel Skidmore,39,1125.02,Philippines,2020-02-22,Adult,VIP
21,Trstram Sodeau,81,3286.08,El Salvador,2024-11-21,Senior,VIP
22,Daloris Henner,17,546.07,China,2021-07-16,Teen,High
23,Pavla Ghirardi,10,1407.78,Philippines,2022-01-09,Teen,VIP
24,Lurette Kitchingham,58,2373.56,Iran,2025-09-06,Senior,VIP
25,Almeria Berkowitz,8,19.78,Indonesia,2024-04-27,Teen,Low
26,Devland Buckingham,77,2840.28,China,2023-01-04,Senior,VIP
27,Kort Murt,74,4000.69,Niger,2023-02-18,Senior,VIP
28,Liesa Ricardon,28,345.65,Canada,2019-02-05,Young Adult,Medium
29,Cortie Kempstone,83,3050.75,United States,2020-02-20,Senior,VIP
30,Elaina Antram,46,2809.89,Philippines,2024-10-14,Adult,VIP
31,Cleveland Ellens,15,2641.35,Indonesia,2024-01-06,Teen,VIP
32,Carleen Porson,51,3029.67,Guatemala,2025-09-17,Senior,VIP
33,Rickey Sowerby,67,564.13,Macedonia,2025-09-19,Senior,High
34,Bogey Bamlet,7,4702.45,Haiti,2023-06-17,Teen,VIP
35,Danni Blackaby,17,1188.71,Indonesia,2023-01-13,Teen,VIP
36,Tyler Studders,6,2580.08,Peru,2023-05-10,Teen,VIP
37,Kiley Beecham,78,2445.27,Serbia,2024-01-01,Senior,VIP
38,Nikoletta Veldstra,13,4405.2,Mexico,2023-07-24,Teen,VIP
39,Morgan Tomini,22,1971.92,Philippines,2024-12-18,Young Adult,VIP
40,Mable Windybank,64,1688.04,Sweden,2021-06-02,Senior,VIP
41,Alaric Hazelgrove,56,2471.76,Philippines,2019-04-09,Senior,VIP
42,Fidole Banke,29,1964.34,Malaysia,2024-08-13,Young Adult,VIP
43,Nate Frandsen,85,2508.3,United States,2019-01-04,Senior,VIP
44,Tristam Brearton,3,2667.08,China,2021-12-08,Teen,VIP
45,Karel Baynton,28,4255.69,Dominican Republic,2022-07-10,Young Adult,VIP
46,Ronald Gummie,21,4170.72,Czech Republic,2024-04-08,Young Adult,VIP
47,Cornell Kabos,69,862.87,Indonesia,2020-08-13,Senior,High
48,Antonio Odd,28,2542.25,Russia,2022-03-15,Young Adult,VIP
49,Darelle McKeighen,79,2518.72,Portugal,2019-01-02,Senior,VIP
50,Alva Laurent,66,1383.51,Poland,2024-09-13,Senior,VIP
51,Cassondra Kemmett,66,52.9,Kenya,2019-11-13,Senior,Low
52,Arabelle Jodlowski,62,3512.27,Indonesia,2025-05-26,Senior,VIP
53,Ethelbert Matovic,85,3106.52,Venezuela,2024-11-23,Senior,VIP
54,Rip Lovick,87,1487.43,China,2022-05-12,Senior,VIP
55,Nichole Windaybank,98,2019.7,Philippines,2023-10-07,Senior,VIP
56,Kati Swendell,46,2329.13,China,2023-12-04,Adult,VIP
57,Etan Assad,26,3035.94,Greece,2022-02-17,Young Adult,VIP
58,Gideon Swadlen,85,3351.67,United States,2025-05-28,Senior,VIP
59,Stanford Toffler,10,1074.97,Indonesia,2022-09-25,Teen,VIP
60,Parrnell Ballingal,72,1858.2,Croatia,2020-08-31,Senior,VIP
61,Dud Mongeot,86,3361.49,Portugal,2020-10-09,Senior,VIP
62,Gerti Po,56,4956.11,China,2025-10-29,Senior,VIP
63,Wernher Gillhespy,100,518.85,Bolivia,2023-06-25,Senior,High
64,Davin Ranklin,5,21.88,China,2024-03-30,Teen,Low
65,Florella O'Neil,59,84.3,Indonesia,2021-03-18,Senior,Low
66,Crawford Corse,32,3256.43,Afghanistan,2024-09-27,Young Adult,VIP
67,Osgood Bartul,26,2575.11,Yemen,2020-12-14,Young Adult,VIP
68,Dalis Hughesdon,31,1623.07,Russia,2025-02-15,Young Adult,VIP
69,Umberto Hutsby,24,694.27,France,2023-07-20,Young Adult,High
70,Lamont Wetton,12,45.28,Tunisia,2020-09-16,Teen,Low
71,Jarvis Jotcham,60,307.97,France,2025-08-30,Senior,Medium
72,Delainey Benedito,1,318.76,Sweden,2022-06-04,Teen,Medium
73,Kimberlyn Sotham,29,1010.63,Philippines,2024-11-02,Young Adult,VIP
74,Kane Gostall,23,2488.41,France,2024-02-25,Young Adult,VIP
75,Eartha Ridehalgh,5,3902.78,Greece,2021-01-13,Teen,VIP
76,Worthington Siburn,60,2326.95,United States,2025-12-20,Senior,VIP
77,Bern Blackborow,47,3596.42,Belarus,2022-06-22,Adult,VIP
78,Fitz Faccini,16,628.6,Brazil,2019-05-18,Teen,High
79,Avis Ambler,17,3205.16,Russia,2020-07-06,Teen,VIP
80,Reiko Filippi,67,1814.05,China,2020-04-27,Senior,VIP
81,Anett Finessy,34,2431.79,Sweden,2020-06-02,Young Adult,VIP
82,Lawrence Cornehl,1,1626.14,Poland,2024-05-12,Teen,VIP
83,Candida Readwood,91,679.15,Thailand,2020-05-02,Senior,High
84,Keefer Domenici,6,2507.0,Peru,2025-05-22,Teen,VIP
85,Bellanca Weild,32,4229.74,Indonesia,2025-12-21,Young Adult,VIP
86,Oren Loughman,30,4073.22,Ukraine,2019-10-27,Young Adult,VIP
87,Del Conradie,42,300.72,Ukraine,2025-04-20,Adult,Medium
88,Terrance Breadmore,99,4572.41,Latvia,2023-12-09,Senior,VIP
89,Atlanta Skirving,61,3061.47,Czech Republic,2023-02-25,Senior,VIP
90,Killie Feasley,11,2674.0,Jamaica,2021-04-01,Teen,VIP
91,Dione Eick,62,3404.11,Indonesia,2025-10-27,Senior,VIP
92,Katherine Fenners,67,2306.13,Greece,2022-05-23,Senior,VIP
93,Colman D'orsay,97,3915.62,Madagascar,2019-08-11,Senior,VIP
94,Teador Baynom,86,3119.15,Palestinian Territory,2019-06-28,Senior,VIP
95,Thornton Maypowder,63,3986.17,United States,2024-08-12,Senior,VIP
96,Robinet Sambals,16,3048.11,Portugal,2021-09-08,Teen,VIP
97,Andris Blindmann,97,2883.36,Philippines,2025-02-26,Senior,VIP
98,Lucia Joberne,6,1497.75,Greece,2025-08-30,Teen,VIP
99,Jerri Loughnan,51,3959.02,Brazil,2020-01-20,Senior,VIP
100,Electra Radeliffe,70,4553.5,China,2019-02-06,Senior,VIP
101,Honey Beach,6,764.37,Thailand,2020-11-02,Teen,High
102,Sibeal Kisar,30,3861.25,Brazil,2025-10-14,Young Adult,VIP
103,Lilia Downton,6,2359.29,Afghanistan,2023-02-27,Teen,VIP
104,Vivia Giraldez,38,1002.32,Solomon Islands,2021-07-04,Adult,VIP
105,Pryce Sich,82,313.52,China,2024-11-19,Senior,Medium
106,Bambi Bradnum,91,2559.83,Indonesia,2023-02-01,Senior,VIP
107,Natividad Drust,93,4805.05,Japan,2023-06-02,Senior,VIP
108,Bethanne De Roos,65,1827.29,China,2022-02-20,Senior,VIP
109,Merrick Giametti,85,1937.43,Syria,2025-04-29,Senior,VIP
110,Natty Crickmer,97,4951.01,Russia,2019-12-07,Senior,VIP
111,Othella Mogie,21,4613.46,United States,2019-11-09,Young Adult,VIP
112,Gabie Bridgnell,59,1606.69,China,2025-02-22,Senior,VIP
113,Whitman Kersey,69,1551.11,Indonesia,2024-08-03,Senior,VIP
114,Deerdre Davidofski,31,4618.92,Morocco,2021-06-11,Young Adult,VIP
115,Jeanine Gowdie,35,1872.98,Guatemala,2025-12-28,Young Adult,VIP
116,Janice Trevaskiss,44,3426.29,Portugal,2021-10-06,Adult,VIP
117,Ximenez Daldry,54,1738.35,Egypt,2021-05-01,Senior,VIP
118,Davida Meeland,35,467.7,Canada,2025-11-08,Young Adult,Medium
119,Tulley Blacklock,35,1363.13,Denmark,2022-07-17,Young Adult,VIP
120,Marcello Antram,87,4135.4,Argentina,2019-04-14,Senior,VIP
121,Tonie Hebblethwaite,37,4249.7,Poland,2022-12-19,Adult,VIP
122,Quillan Bulbeck,48,2581.31,China,2022-10-04,Adult,VIP
123,Gregoire Doudney,69,2064.67,Bhutan,2020-08-09,Senior,VIP
124,Valera Duckels,66,3225.55,China,2024-11-22,Senior,VIP
125,Hartley Strelitz,76,2951.46,Venezuela,2022-06-30,Senior,VIP
126,Crawford Penquet,72,4789.45,Germany,2019-10-22,Senior,VIP
127,Myrtia Plumley,34,3304.31,Indonesia,2021-11-09,Young Adult,VIP
128,Hilliary Cloutt,89,4870.29,Philippines,2024-10-03,Senior,VIP
129,Bunny Blannin,36,274.51,China,2020-12-10,Adult,Medium
130,Katrina Galtone,35,3850.16,Croatia,2024-07-21,Young Adult,VIP
131,Rickert Garthland,33,4609.69,Russia,2023-10-26,Young Adult,VIP
132,Joelly Dewer,72,4877.88,Colombia,2022-12-01,Senior,VIP
133,Zondra Cogdell,30,3515.46,Poland,2024-08-21,Young Adult,VIP
134,Georgianne Allder,47,1439.38,Macedonia,2023-03-21,Adult,VIP
135,Johnette Guthrie,47,4494.93,Russia,2024-01-30,Adult,VIP
136,Zeb Maymond,62,2655.11,Peru,2022-05-14,Senior,VIP
137,Lonnard Naisbet,49,152.29,Indonesia,2019-10-08,Adult,Medium
138,Bat Sorrill,58,2905.57,United States,2024-07-22,Senior,VIP
139,Hodge Annandale,2,4774.78,Canada,2023-04-13,Teen,VIP
140,Isabelle Osborn,93,3032.61,Italy,2019-01-19,Senior,VIP
141,Joli Popplewell,56,4880.89,China,2023-09-07,Senior,VIP
142,Frayda Blakeston,42,2106.38,North Korea,2021-05-29,Adult,VIP
143,Gallagher Plumm,34,2137.4,China,2021-05-09,Young Adult,VIP
144,Nicholas McIlmurray,77,1156.92,United States,2025-02-04,Senior,VIP
145,Justinian Scoon,23,2558.61,Russia,2019-02-20,Young Adult,VIP
146,Decca Jeffrey,40,3106.95,Palestinian Territory,2024-11-05,Adult,VIP
147,Krystyna Bruckmann,48,1634.24,Philippines,2023-08-05,Adult,VIP
148,Ettore Everal,17,556.18,Poland,2025-04-08,Teen,High
149,Frazier Garrettson,16,3188.19,Indonesia,2024-03-14,Teen,VIP
150,Jedidiah Ceillier,89,519.99,China,2025-06-14,Senior,High
151,Freeland Fudger,15,3151.86,Czech Republic,2020-11-21,Teen,VIP
152,Red June,47,53.02,Brazil,2022-09-16,Adult,Low
153,Benoite Vockins,94,2411.86,Indonesia,2022-08-09,Senior,VIP
154,Cloris Stuckey,91,4316.56,Sudan,2020-02-09,Senior,VIP
155,Elvis Hurdis,33,1874.83,Chad,2020-02-01,Young Adult,VIP
156,Skipper Varley,35,4042.28,Poland,2019-09-03,Young Adult,VIP
157,Belita MacKee,78,2439.0,Russia,2023-06-30,Senior,VIP
158,Nels Wrinch,33,408.6,China,2021-02-18,Young Adult,Medium
159,Mycah Bim,49,1879.52,Norway,2025-09-12,Adult,VIP
160,Miranda Gregorace,52,4266.79,Czech Republic,2022-08-22,Senior,VIP
161,Marja Boyd,4,4508.96,Greece,2020-02-11,Teen,VIP
162,Aggie Danis,21,3414.04,Argentina,2022-08-01,Young Adult,VIP
163,Abran Waylen,49,2604.51,China,2020-02-07,Adult,VIP
164,Frank Corstan,2,2769.71,Portugal,2023-10-28,Teen,VIP
165,Nady Yglesias,86,1629.39,France,2019-05-10,Senior,VIP
166,Karie Burbudge,48,1104.74,Indonesia,2022-01-11,Adult,VIP
167,Lilia Reinmar,99,3253.18,Morocco,2019-11-09,Senior,VIP
168,Bartolomeo Richard,83,4173.92,Micronesia,2021-06-09,Senior,VIP
169,Bab D'Alwis,74,4032.7,China,2023-06-06,Senior,VIP
170,Benedicta Prettyjohns,43,3879.94,United States,2022-07-09,Adult,VIP
171,Artemus Mompesson,70,4239.9,Greece,2025-10-16,Senior,VIP
172,Elisabetta Dales,25,2959.73,Sweden,2022-10-23,Young Adult,VIP
173,Buck Busher,4,1813.4,Colombia,2025-04-16,Teen,VIP
174,Evelina Coyte,80,2002.0,China,2024-11-08,Senior,VIP
175,Madalyn Pattesall,94,2280.26,Russia,2025-08-23,Senior,VIP
176,Muffin Thunnercliff,96,3193.0,China,2024-11-28,Senior,VIP
177,Consuela Trout,60,4285.88,Honduras,2021-05-02,Senior,VIP
178,Calvin Calcut,41,4407.52,China,2024-06-09,Adult,VIP
179,Bryant Hexter,69,1414.46,Portugal,2021-08-05,Senior,VIP
180,Sapphira Pain,20,765.84,China,2025-04-18,Young Adult,High
181,Pierce Joburn,78,3259.26,Portugal,2024-04-23,Senior,VIP
182,Irwinn Walford,52,3535.78,North Korea,2025-10-21,Senior,VIP
183,Jami Salla,86,1494.32,Croatia,2025-05-06,Senior,VIP
184,Hailee Climer,60,438.11,France,2022-09-01,Senior,Medium
185,Corrine Deschelle,80,4041.79,Finland,2019-12-03,Senior,VIP
186,Blake Willans,20,335.89,Dominican Republic,2022-11-08,Young Adult,Medium
187,Thatcher Ledstone,46,1253.27,Ukraine,2020-01-07,Adult,VIP
188,Aldis Marson,27,1641.45,China,2020-08-04,Young Adult,VIP
189,Jasen Colerick,56,1369.55,United States,2022-04-16,Senior,VIP
190,Corbin Sumnall,84,4588.98,Finland,2019-05-25,Senior,VIP
191,Hobard Williams,15,1028.86,Germany,2023-12-18,Teen,VIP
192,Orlan Mulhall,56,131.88,Indonesia,2023-09-28,Senior,Medium
193,Winifred Dreher,12,3530.3,Belarus,2023-02-24,Teen,VIP
194,Emmalee Hankins,18,315.68,China,2019-05-20,Teen,Medium
195,Chiquia Tussaine,62,301.43,Finland,2021-05-24,Senior,Medium
196,Pauletta Skates,11,2048.81,Czech Republic,2023-05-29,Teen,VIP
197,Saunderson Lightbowne,34,685.66,Russia,2024-01-10,Young Adult,High
198,Alie Mattia,77,2920.22,Czech Republic,2019-11-11,Senior,VIP
199,Uta Douglas,19,3489.29,Czech Republic,2021-12-15,Young Adult,VIP
200,Brandi McLafferty,17,4724.57,Honduras,2021-01-11,Teen,VIP
201,Ashely Hubber,47,2336.37,Sweden,2025-03-12,Adult,VIP
202,Normie Smithson,43,3404.76,Peru,2021-08-03,Adult,VIP
203,Christoffer Liepina,89,4047.03,Indonesia,2022-01-31,Senior,VIP
204,Rorke Branston,20,712.79,Belarus,2022-06-05,Young Adult,High
205,Dorise Shewring,16,3509.88,Madagascar,2025-10-24,Teen,VIP
206,Bartlet Wager,99,1090.0,Morocco,2019-01-26,Senior,VIP
207,Cathi Gregory,88,703.4,Indonesia,2019-03-17,Senior,High
208,Sanders Maccaig,97,1350.47,France,2023-01-01,Senior,VIP
209,Perice Rosnau,22,1789.41,Morocco,2025-07-20,Young Adult,VIP
210,Carree Armin,5,4613.39,Indonesia,2021-03-13,Teen,VIP
211,Sile Daggett,9,2896.17,China,2022-01-30,Teen,VIP
212,Bennett Attarge,51,2302.27,Venezuela,2024-08-29,Senior,VIP
213,Parry Waterdrinker,81,306.33,China,2022-01-27,Senior,Medium
214,Wait Burchatt,9,489.48,Indonesia,2024-04-20,Teen,Medium
215,Illa McGuane,87,3983.14,Slovenia,2023-11-27,Senior,VIP
216,Gus Northgraves,27,2579.41,New Zealand,2023-08-30,Young Adult,VIP
217,Meriel Smithson,100,2858.4,Senegal,2025-05-02,Senior,VIP
218,Quill Levett,9,4574.89,China,2022-11-27,Teen,VIP
219,Edmon Arndtsen,68,3562.26,Argentina,2021-07-23,Senior,VIP
220,Nathalie Botger,65,3774.14,Czech Republic,2023-01-06,Senior,VIP
221,Case Morshead,98,1809.74,Sweden,2025-03-09,Senior,VIP
222,Bart Haddy,45,4726.81,Indonesia,2022-04-26,Adult,VIP
223,Sibeal Dwelly,25,1173.7,Peru,2024-11-30,Young Adult,VIP
224,Yance Cullotey,95,3572.66,Brazil,2022-02-08,Senior,VIP
225,Conny Heeks,62,943.49,China,2020-08-12,Senior,High
226,Mady Humbatch,62,3515.8,China,2019-04-01,Senior,VIP
227,Dareen Bruckenthal,8,4748.75,Kazakhstan,2021-07-16,Teen,VIP
228,Karlene Elles,36,2108.51,Albania,2022-04-28,Adult,VIP
229,Adriena Ferrucci,2,3928.57,Mexico,2025-12-12,Teen,VIP
230,Magda Minifie,89,997.37,Indonesia,2022-06-30,Senior,High
231,Chelsie Meyer,88,1778.95,China,2022-03-27,Senior,VIP
232,Carley Navarre,12,4293.09,Brazil,2019-03-11,Teen,VIP
233,Brittne Myall,81,3031.98,Albania,2024-04-14,Senior,VIP
234,Happy Sabater,88,2718.41,United States,2021-04-25,Senior,VIP
235,Anatollo Harrap,95,3367.52,China,2022-07-31,Senior,VIP
236,Mariejeanne Whiten,89,1034.73,Democratic Republic of the Congo,2022-09-06,Senior,VIP
237,Bobbye Blevin,36,3973.27,Iran,2019-06-18,Adult,VIP
238,Chanda Britch,1,1195.2,Indonesia,2021-06-30,Teen,VIP
239,Sher Schellig,72,538.73,Japan,2023-08-14,Senior,High
240,Kylynn Pickthorn,100,3658.1,Peru,2019-04-23,Senior,VIP
241,Iorgos Ciepluch,12,705.87,Poland,2023-07-12,Teen,High
242,Pam Baskeyfied,43,3765.46,United States,2021-01-20,Adult,VIP
243,Lucas Warne,19,747.23,United States,2019-10-23,Young Adult,High
244,Everard Dykas,82,3929.89,Poland,2025-07-03,Senior,VIP
245,Elyn Kendall,35,2173.41,Albania,2023-08-25,Young Adult,VIP
246,Bill Bearward,53,1459.74,Zimbabwe,2025-08-04,Senior,VIP
247,Barbe Matzaitis,12,783.17,Russia,2025-02-17,Teen,High
248,Aldric Lafontaine,70,4574.52,Pakistan,2022-04-03,Senior,VIP
249,Taber Tresler,75,3756.46,Malaysia,2022-08-29,Senior,VIP
250,Janean Hickenbottom,67,2167.83,United States,2021-01-23,Senior,VIP
251,Devlin Mizzen,100,1310.61,China,2024-03-31,Senior,VIP
252,Rickard Burfield,8,3818.92,Peru,2021-04-25,Teen,VIP
253,Georgena Cassin,68,2236.65,Poland,2024-09-12,Senior,VIP
254,Staffard Jamrowicz,99,1936.63,Palestinian Territory,2021-01-19,Senior,VIP
255,Marline Petrelli,98,3660.98,Sweden,2023-05-30,Senior,VIP
256,Hillery Nason,31,1323.38,Brazil,2019-10-23,Young Adult,VIP
257,Nikoletta Furtado,34,1929.37,Indonesia,2021-12-01,Young Adult,VIP
258,Theodore Houlson,94,1078.74,Indonesia,2020-07-18,Senior,VIP
259,Harmony Potkins,77,114.55,Russia,2022-02-25,Senior,Medium
260,Tamas Beyer,27,4316.29,China,2020-08-22,Young Adult,VIP
261,Valina Gaitskell,40,4811.48,Thailand,2022-11-22,Adult,VIP
262,Dorella Georgiev,64,1342.67,Indonesia,2025-01-24,Senior,VIP
263,Ilyse Mcwhinnie,41,557.17,Germany,2024-06-12,Adult,High
264,Paulo Earsman,67,719.5,Brazil,2025-04-19,Senior,High
265,Evey McGrorty,29,1479.12,Russia,2021-09-13,Young Adult,VIP
266,Bert Troman,16,3087.33,Japan,2019-12-21,Teen,VIP
267,Wendeline Avarne,33,2272.33,Oman,2022-06-12,Young Adult,VIP
268,Laurella Carroll,35,546.4,Brazil,2024-10-16,Young Adult,High
269,Feodora Lashbrook,6,23.59,Colombia,2025-02-16,Teen,Low
270,Vikki Biggerstaff,54,386.54,United States,2024-02-23,Senior,Medium
271,Stacia Shury,37,3542.09,Malaysia,2025-08-20,Adult,VIP
272,Keir Chamberlin,99,3970.9,Jordan,2022-08-18,Senior,VIP
273,Sanford Trownson,10,4985.68,China,2025-05-02,Teen,VIP
274,Erie Capelen,85,2231.49,Indonesia,2025-04-06,Senior,VIP
275,Joeann Gilbertson,94,152.76,Mexico,2019-09-22,Senior,Medium
276,Serge Lismer,77,4169.32,Indonesia,2023-04-22,Senior,VIP
277,Katharina Feldberg,79,3435.14,France,2025-09-08,Senior,VIP
278,Marika Danson,83,874.87,Poland,2025-06-11,Senior,High
279,Hy Coker,1,4665.67,Indonesia,2020-10-16,Teen,VIP
280,Augusta Boobier,20,4778.13,Poland,2021-07-08,Young Adult,VIP
281,Morie Clevely,78,4468.5,Czech Republic,2024-10-11,Senior,VIP
282,Roderic MacCallum,51,2463.35,Nigeria,2020-02-25,Senior,VIP
283,Moses Sargood,33,2888.59,Czech Republic,2019-09-30,Young Adult,VIP
284,Sashenka Simpkiss,44,2917.19,Portugal,2025-07-08,Adult,VIP
285,Farlee Farrey,22,4650.47,Philippines,2021-07-11,Young Adult,VIP
286,Francine Yann,26,970.3,Indonesia,2021-08-12,Young Adult,High
287,Jasmin Penhalewick,58,3407.17,China,2023-12-27,Senior,VIP
288,Agosto Diehn,53,1511.19,Finland,2023-07-09,Senior,VIP
289,Ynez McGinty,65,2484.11,Armenia,2021-09-10,Senior,VIP
290,Thedrick Ximenez,61,965.71,Comoros,2020-06-06,Senior,High
291,Millisent Kettles,63,2185.28,Kazakhstan,2023-08-31,Senior,VIP
292,Hana Simmen,86,4757.44,Indonesia,2020-05-03,Senior,VIP
293,Trey Flanagan,58,4674.71,China,2025-07-05,Senior,VIP
294,Waldon Lewsey,29,1903.32,Indonesia,2021-02-15,Young Adult,VIP
295,Gavin Brighouse,8,3913.69,France,2022-08-11,Teen,VIP
296,Juliann Lunnon,99,3484.13,Russia,2025-04-23,Senior,VIP
297,Bird Kermeen,69,3302.69,Azerbaijan,2022-08-07,Senior,VIP
298,Alicia Kleinfeld,83,1235.82,Poland,2023-07-21,Senior,VIP
299,Lian Shottin,2,1540.84,Kenya,2025-03-26,Teen,VIP
300,Nobe McSperrin,93,233.43,Albania,2024-12-31,Senior,Medium
301,Corabel Adamou,91,1758.67,Poland,2021-05-14,Senior,VIP
302,Isa Dupree,70,3470.2,Morocco,2022-06-20,Senior,VIP
303,Harbert Syrett,95,3076.05,China,2021-05-31,Senior,VIP
304,Sheelah Guidini,10,4442.09,Brazil,2022-02-22,Teen,VIP
305,Cristin Wadge,66,2713.02,Portugal,2022-09-29,Senior,VIP
306,Sena Humbert,83,2810.78,Indonesia,2021-11-24,Senior,VIP
307,Collete Guerriero,62,4819.12,Portugal,2021-02-18,Senior,VIP
308,Jobie Dahlman,99,4771.46,Chile,2021-12-10,Senior,VIP
309,Kareem Huitt,9,3259.1,Russia,2019-03-11,Teen,VIP
310,Steward Scrase,6,2542.95,China,2025-09-12,Teen,VIP
311,Cornelia Deery,33,4187.48,Latvia,2021-04-20,Young Adult,VIP
312,Dena Backson,100,4950.4,Guatemala,2021-08-20,Senior,VIP
313,Sergeant Philippe,67,1247.94,France,2020-02-29,Senior,VIP
314,Malia Bagenal,27,1262.05,Israel,2025-01-20,Young Adult,VIP
315,Carline Carlett,1,1875.17,Guatemala,2022-11-15,Teen,VIP
316,Ciro Slyne,96,3072.15,Philippines,2022-12-25,Senior,VIP
317,Karia Tangye,46,3541.03,Belarus,2022-10-12,Adult,VIP
318,Vic Huc,40,2771.67,Palestinian Territory,2022-09-08,Adult,VIP
319,Alverta Whitebrook,37,3878.7,China,2020-09-29,Adult,VIP
320,Jermaine Dyte,60,2197.85,South Sudan,2022-02-23,Senior,VIP
321,Gherardo Dryden,4,2596.56,Peru,2025-03-29,Teen,VIP
322,Meryl Haresnaip,33,4962.38,Pakistan,2021-10-22,Young Adult,VIP
323,Cilka Dorber,14,1989.68,Finland,2025-04-27,Teen,VIP
324,Cristobal Craufurd,100,2735.85,Marshall Islands,2020-12-26,Senior,VIP
325,Zuzana Troutbeck,95,141.62,Poland,2021-08-01,Senior,Medium
326,Neils Pomfrett,100,779.69,Russia,2022-01-31,Senior,High
327,Prudy Kennon,73,2974.71,Colombia,2024-07-31,Senior,VIP
328,Sherwynd Lever,65,3910.38,Indonesia,2021-11-27,Senior,VIP
329,Suzi Lagen,7,37.09,Portugal,2019-10-28,Teen,Low
330,Quinton Gallyhaock,15,199.76,China,2022-11-08,Teen,Medium
331,Vania Weild,8,526.16,Philippines,2022-06-24,Teen,High
332,Rosemaria Goodrich,10,418.33,Mongolia,2019-06-15,Teen,Medium
333,Diana Greason,68,4697.73,China,2021-01-03,Senior,VIP
334,Etan Bartomieu,98,4476.3,Indonesia,2022-10-20,Senior,VIP
335,Kipp Spiniello,62,4758.14,Ukraine,2019-02-28,Senior,VIP
336,Tamar Dawtry,67,3403.03,Tanzania,2022-07-07,Senior,VIP
337,Hali Kinnear,2,3420.02,Poland,2019-08-15,Teen,VIP
338,Owen Slatcher,17,3866.68,Zambia,2021-09-06,Teen,VIP
339,Ricardo Cicetti,60,3425.84,Kenya,2024-06-13,Senior,VIP
340,Wheeler Huggon,35,4803.3,Croatia,2020-09-24,Young Adult,VIP
341,Winne Leaman,89,370.21,Portugal,2024-10-14,Senior,Medium
342,Jessica Fugere,78,3548.47,Indonesia,2025-01-31,Senior,VIP
343,Rodina Morecomb,3,4663.58,Russia,2020-01-02,Teen,VIP
344,Bent Brummell,33,965.8,Portugal,2020-04-18,Young Adult,High
345,Saidee Quarmby,47,993.79,Albania,2023-03-17,Adult,High
346,Raimundo Bodemeaid,13,983.03,China,2021-09-21,Teen,High
347,Betsy Sima,31,89.54,China,2025-12-05,Young Adult,Low
348,Marc Rignold,47,3249.07,China,2022-05-03,Adult,VIP
349,Tedd Zecchinelli,7,739.81,Georgia,2020-01-08,Teen,High
350,Brooks Jakuszewski,24,2773.34,Japan,2019-11-17,Young Adult,VIP
351,Hildy Jobern,86,2514.13,China,2024-08-23,Senior,VIP
352,Madlin Pulley,55,115.15,China,2021-12-17,Senior,Medium
353,Ches Martino,82,399.75,Italy,2025-11-04,Senior,Medium
354,Seline Dampier,24,1794.67,Burkina Faso,2024-10-10,Young Adult,VIP
355,Davidson Peakman,88,3536.74,Czech Republic,2022-10-22,Senior,VIP
356,Ruthy Futcher,87,3225.04,Russia,2024-06-15,Senior,VIP
357,Ossie Rossant,72,4785.81,Czech Republic,2025-09-13,Senior,VIP
358,Ramonda Droghan,44,3300.74,United States,2024-08-18,Adult,VIP
359,Bendick Munroe,24,3883.78,China,2021-05-26,Young Adult,VIP
360,Garret Aspland,53,4494.44,Indonesia,2023-06-21,Senior,VIP
361,Beverie Bigrigg,25,2041.14,Canada,2019-07-01,Young Adult,VIP
362,Urson Dace,89,4340.26,China,2024-08-14,Senior,VIP
363,Kippar Galley,5,1545.1,Indonesia,2025-11-07,Teen,VIP
364,Ranee Cammock,74,4662.98,Kazakhstan,2023-12-16,Senior,VIP
365,Coral Knath,91,962.97,South Korea,2019-04-16,Senior,High
366,Ced Jellard,38,3698.3,Ukraine,2020-11-03,Adult,VIP
367,Leslie Petasch,77,3970.81,Paraguay,2022-01-20,Senior,VIP
368,Chucho Notley,33,4319.48,Poland,2025-06-22,Young Adult,VIP
369,Lizbeth Boosey,27,3740.34,Germany,2019-11-24,Young Adult,VIP
370,Ailis Magenny,57,3130.26,Sweden,2025-09-05,Senior,VIP
371,Andrus Kyncl,19,3261.0,Russia,2021-08-19,Young Adult,VIP
372,Bernadene Attridge,89,219.22,Ireland,2024-08-14,Senior,Medium
373,Bridgette Bonnesen,23,2749.26,China,2021-03-13,Young Adult,VIP
374,Alfonso Prescot,11,4324.4,Brazil,2019-06-05,Teen,VIP
375,Ibby Lawson,68,2530.96,Guatemala,2022-05-29,Senior,VIP
376,Jerrilee Syrad,4,4710.83,Iran,2023-06-20,Teen,VIP
377,Cherlyn Chase,27,3652.99,Japan,2020-01-07,Young Adult,VIP
378,Raphaela Este,78,4043.25,South Korea,2020-12-11,Senior,VIP
379,Fawne Lys,75,2141.48,Malta,2022-10-02,Senior,VIP
380,Rutger MacVay,68,4395.45,Iraq,2019-09-01,Senior,VIP
381,Donielle Mapes,26,1599.29,Russia,2024-12-11,Young Adult,VIP
382,Rebecca d' Elboux,47,4554.06,Philippines,2021-11-26,Adult,VIP
383,Faythe Dafter,66,2671.84,Portugal,2025-03-05,Senior,VIP
384,Emmery Gladtbach,55,1890.24,Burkina Faso,2019-02-26,Senior,VIP
385,Mervin Rafferty,49,3502.76,Poland,2023-08-22,Adult,VIP
386,Christoph Stodart,84,1116.45,Russia,2021-06-08,Senior,VIP
387,Hewie Adamo,44,1726.53,China,2024-12-03,Adult,VIP
388,Shea Dimitriades,34,2284.53,Russia,2022-01-15,Young Adult,VIP
389,Marleen Radnage,32,3733.05,Honduras,2019-09-26,Young Adult,VIP
390,Mead Zappel,21,3718.58,China,2025-12-26,Young Adult,VIP
391,Steward Godfrey,84,4704.29,Colombia,2024-10-06,Senior,VIP
392,Carie Stribling,43,2168.28,France,2021-02-01,Adult,VIP
393,Dorette Finan,87,4164.34,Indonesia,2023-09-06,Senior,VIP
394,Bron Dowthwaite,50,2292.8,Egypt,2019-11-03,Adult,VIP
395,Ferrel Mate,53,2437.24,China,2021-08-01,Senior,VIP
396,Helen-elizabeth Demschke,26,363.56,China,2022-04-06,Young Adult,Medium
397,Bernette De Beauchamp,84,2018.63,Canada,2019-06-21,Senior,VIP
398,Beauregard Ulyatt,16,4195.89,Peru,2020-03-20,Teen,VIP
399,Daron Kean,24,818.68,Russia,2020-04-18,Young Adult,High
400,Dosi Rohloff,53,4126.3,China,2025-07-20,Senior,VIP
401,Essie Deam,50,1134.92,Japan,2024-02-18,Adult,VIP
402,Pansy Cantillon,63,1852.69,Russia,2022-02-01,Senior,VIP
403,Lance Rozenzweig,81,2043.87,China,2022-11-29,Senior,VIP
404,Hector Crombie,25,723.14,Portugal,2025-12-24,Young Adult,High
405,Murray Harriskine,10,4756.49,Colombia,2023-09-14,Teen,VIP
406,Clarke Cauldwell,4,4433.89,Mexico,2020-01-30,Teen,VIP
407,Mayer Clubbe,89,694.77,Ukraine,2021-10-12,Senior,High
408,Leonhard Smales,51,684.48,Portugal,2020-06-28,Senior,High
409,Gregg Dinsmore,61,4496.01,Philippines,2025-07-25,Senior,VIP
410,Michelina Treker,87,2891.75,Portugal,2022-11-07,Senior,VIP
411,Jade Assaf,74,2797.32,Indonesia,2024-09-04,Senior,VIP
412,Arlan Askin,62,96.61,Paraguay,2024-09-14,Senior,Low
413,Josepha Karlmann,82,1847.39,Philippines,2024-08-10,Senior,VIP
414,Lilyan Bingle,22,1817.99,Serbia,2025-11-07,Young Adult,VIP
415,Aurea Dowdell,13,1805.55,China,2020-03-17,Teen,VIP
416,Jenilee Farnell,28,4314.05,Sweden,2023-11-17,Young Adult,VIP
417,Zacherie Nickless,58,150.06,Philippines,2019-01-25,Senior,Medium
418,Gonzalo Ollerenshaw,70,3811.82,Colombia,2024-11-08,Senior,VIP
419,Lizzy Embling,41,3213.65,Portugal,2019-12-27,Adult,VIP
420,Kalila Hoff,46,1449.85,Greece,2020-06-11,Adult,VIP
421,Portie Leeming,77,1778.42,China,2020-03-14,Senior,VIP
422,Nalani Plaister,94,3338.03,China,2024-06-14,Senior,VIP
423,Lexis Caudelier,84,1205.27,United States,2025-10-23,Senior,VIP
424,Ivory Flintiff,77,2958.3,Reunion,2019-04-16,Senior,VIP
425,Gwenette Morcom,63,4450.4,Nigeria,2019-03-22,Senior,VIP
426,Dorris Mathwen,86,1153.45,Indonesia,2023-03-27,Senior,VIP
427,Barny Snuggs,64,744.36,France,2025-04-08,Senior,High
428,Base Viel,48,1188.37,China,2024-12-27,Adult,VIP
429,Cicily Rickson,45,3310.62,Brazil,2024-10-28,Adult,VIP
430,Melisenda Somers,41,1311.52,China,2019-10-13,Adult,VIP
431,Sharona Knotton,51,61.12,France,2022-10-22,Senior,Low
432,Eloisa Heindrick,68,3431.94,Indonesia,2023-04-27,Senior,VIP
433,Gipsy Iacovino,57,39.36,China,2021-06-21,Senior,Low
434,Agnes Keetch,36,1101.8,Canada,2024-05-10,Adult,VIP
435,Griselda Bummfrey,15,3228.74,Belarus,2025-04-27,Teen,VIP
436,Byran Ambrosetti,39,4581.43,Portugal,2021-08-12,Adult,VIP
437,Sibyl Ribeiro,70,1266.45,Nigeria,2024-10-30,Senior,VIP
438,Nonna Minster,94,2505.32,China,2022-10-31,Senior,VIP
439,Lorianne Gull,100,1751.13,Honduras,2022-03-12,Senior,VIP
440,Merwyn Rosle,92,798.65,Argentina,2019-11-26,Senior,High
441,Taddeo Hatwells,57,2635.41,China,2020-01-27,Senior,VIP
442,Wilona Muckian,29,3276.8,Indonesia,2019-02-04,Young Adult,VIP
443,Cordie Morton,94,3737.72,Thailand,2025-10-13,Senior,VIP
444,Celina Skeates,28,3741.42,Poland,2021-05-19,Young Adult,VIP
445,Brenn Bemlott,83,4996.94,Indonesia,2019-01-02,Senior,VIP
446,Goran Skuse,89,870.31,China,2023-10-15,Senior,High
447,Matthiew O'Reilly,87,156.14,China,2021-11-24,Senior,Medium
448,Fran Camings,81,846.64,Japan,2019-02-25,Senior,High
449,Sherwood Kobel,80,4112.78,China,2024-02-25,Senior,VIP
450,Gusella Beagrie,91,949.23,Greece,2019-07-24,Senior,High
451,Olia Curston,16,4508.07,Philippines,2025-05-14,Teen,VIP
452,Marlin Jellico,33,116.18,China,2023-07-27,Young Adult,Medium
453,Aubry De Francisci,81,1503.05,Haiti,2022-05-09,Senior,VIP
454,Elizabeth Tatum,50,4676.39,Indonesia,2025-08-03,Adult,VIP
455,Viole Mattei,73,3249.33,China,2020-08-15,Senior,VIP
456,Adelbert Labb,40,1826.51,Belarus,2022-12-11,Adult,VIP
457,Ethelin Marcu,30,2911.64,China,2021-11-09,Young Adult,VIP
458,Gay Hellin,3,2684.66,Ukraine,2020-04-05,Teen,VIP
459,Genna Arnolds,15,1341.45,Sweden,2021-08-01,Teen,VIP
460,Mariquilla Aldwich,11,4253.43,China,2022-03-19,Teen,VIP
461,Dinnie Cunradi,65,2278.05,Ukraine,2021-12-17,Senior,VIP
462,Montgomery Levens,93,4593.96,Indonesia,2021-03-10,Senior,VIP
463,Allayne Cogman,98,562.78,Argentina,2022-10-13,Senior,High
464,Nari Bathow,32,1638.42,Botswana,2019-10-30,Young Adult,VIP
465,Shelagh Schellig,84,2620.92,Vietnam,2021-11-13,Senior,VIP
466,Obie Clendening,96,2700.57,Malawi,2023-07-29,Senior,VIP
467,Carlin Bengall,26,240.39,Poland,2024-12-29,Young Adult,Medium
468,Vanna Messier,34,3764.89,Dominican Republic,2023-03-20,Young Adult,VIP
469,Weston Junes,62,3298.56,Malta,2021-09-13,Senior,VIP
470,Karina Wadworth,70,1319.31,China,2023-08-23,Senior,VIP
471,Zaccaria Print,86,1204.91,Poland,2023-09-15,Senior,VIP
472,Cross Mackriell,15,739.27,Philippines,2024-07-03,Teen,High
473,Giulio Habershaw,9,3183.42,France,2024-04-21,Teen,VIP
474,Mercie Dadge,28,22.66,China,2023-01-21,Young Adult,Low
475,Erroll Laugharne,4,752.13,China,2022-12-19,Teen,High
476,Blisse Strut,52,3167.76,Indonesia,2021-09-08,Senior,VIP
477,Caye Swift,92,3171.76,Russia,2020-09-21,Senior,VIP
478,Genevra Stiller,24,1866.92,Senegal,2023-05-09,Young Adult,VIP
479,Cathy Vedishchev,62,3780.02,Ethiopia,2024-09-10,Senior,VIP
480,Dinah Veracruysse,57,329.19,China,2019-09-23,Senior,Medium
481,Mavis Naptin,4,4382.87,Philippines,2023-01-01,Teen,VIP
482,Mei Naulty,80,904.19,Afghanistan,2023-08-08,Senior,High
483,Farand Crevagh,62,648.38,China,2022-03-25,Senior,High
484,Corbett Golden,83,528.81,Poland,2019-10-15,Senior,High
485,Aidan Leal,31,2849.76,China,2019-01-22,Young Adult,VIP
486,Tye Haysham,17,4880.76,Iran,2024-05-10,Teen,VIP
487,Allin Nelligan,42,508.32,Guatemala,2023-12-30,Adult,High
488,Kaye Doby,80,919.41,Mexico,2022-08-08,Senior,High
489,Gabbi Temple,65,1602.8,China,2019-11-16,Senior,VIP
490,Florie Maddams,79,2262.0,Guatemala,2021-04-28,Senior,VIP
491,Gussi Asp,9,4383.26,Indonesia,2024-01-03,Teen,VIP
492,Si Linggood,30,257.58,Brazil,2021-12-15,Young Adult,Medium
493,Tally O'Doherty,94,714.65,Peru,2024-09-23,Senior,High
494,Raviv Lackinton,17,2626.86,Brazil,2025-08-26,Teen,VIP
495,Jeniece Verchambre,79,4881.33,Indonesia,2023-01-08,Senior,VIP
496,Dacie Waymont,63,2042.85,Russia,2025-04-28,Senior,VIP
497,Krystyna Rolland,89,4710.51,Argentina,2023-09-08,Senior,VIP
498,Adrea Peyntue,6,1443.11,Russia,2024-05-08,Teen,VIP
499,Lucais Esland,49,43.77,Russia,2025-10-27,Adult,Low
500,Vanny Keig,4,291.58,China,2019-07-26,Teen,Medium
501,Cobb Tapsell,65,1886.79,Honduras,2021-09-17,Senior,VIP
502,Gunilla Terrazzo,34,423.66,Macedonia,2021-07-28,Young Adult,Medium
503,Dominic Mandry,34,3087.03,Iran,2023-12-27,Young Adult,VIP
504,Leisha Fynan,93,3956.96,Indonesia,2024-09-26,Senior,VIP
505,Beauregard Yaakov,57,4439.17,China,2021-10-28,Senior,VIP
506,Winfield Gwioneth,81,3404.74,Netherlands,2022-05-19,Senior,VIP
507,Marcie Dundendale,8,3033.37,Netherlands,2019-12-18,Teen,VIP
508,Kennedy Pezey,70,4175.73,Brazil,2022-07-31,Senior,VIP
509,Lita Ginnell,50,4951.25,Indonesia,2022-05-25,Adult,VIP
510,Joane Barthorpe,37,843.9,Philippines,2020-03-16,Adult,High
511,Dore Darwent,88,3794.52,France,2025-09-03,Senior,VIP
512,Ileane Schutt,68,2608.08,China,2019-06-05,Senior,VIP
513,Heinrik Brion,9,2827.57,Iran,2022-06-06,Teen,VIP
514,Shirlee Wollrauch,56,2614.09,Brazil,2021-06-24,Senior,VIP
515,Wenona Hatchett,3,4878.0,Philippines,2023-03-16,Teen,VIP
516,Barrie McMurty,11,2143.27,Guatemala,2024-05-01,Teen,VIP
517,Shell Worham,31,2609.37,Japan,2023-02-09,Young Adult,VIP
518,Michell Autry,100,3908.48,Brazil,2025-03-31,Senior,VIP
519,Stephana Georghiou,83,4685.24,Argentina,2023-12-14,Senior,VIP
520,Violetta Bower,53,4052.04,China,2020-12-15,Senior,VIP
521,Levy Pearne,99,639.69,Indonesia,2022-07-20,Senior,High
522,Emogene Tethcote,59,1135.29,United Kingdom,2022-07-10,Senior,VIP
523,Megan Deason,48,3918.72,Kazakhstan,2025-07-20,Adult,VIP
524,Marsh Manske,46,2677.74,Indonesia,2024-08-22,Adult,VIP
525,Salmon Heinke,23,1859.94,Indonesia,2024-08-09,Young Adult,VIP
526,Nichole Scoates,100,3690.02,United States,2020-08-21,Senior,VIP
527,Sigismund Thatcher,88,809.25,Portugal,2019-05-05,Senior,High
528,Kassandra Feasley,3,568.29,Indonesia,2020-12-22,Teen,High
529,Blaire Willison,37,2519.3,Indonesia,2020-12-27,Adult,VIP
530,Henrik Drakes,38,3082.14,Egypt,2022-11-13,Adult,VIP
531,Anneliese Kloss,33,2796.82,Poland,2023-08-07,Young Adult,VIP
532,Douglass Krysztowczyk,28,48.55,Nepal,2021-09-08,Young Adult,Low
533,Margery Brosel,36,3519.48,Peru,2024-11-25,Adult,VIP
534,Esther Steptowe,65,4226.5,China,2021-09-18,Senior,VIP
535,Fair Turk,61,2097.13,China,2019-02-13,Senior,VIP
536,Clerissa Garritley,56,1705.04,Indonesia,2022-01-21,Senior,VIP
537,John Cutridge,36,4632.56,Indonesia,2025-12-10,Adult,VIP
538,Sherwood Hartmann,4,1377.09,Pakistan,2021-04-24,Teen,VIP
539,Virgina Mc Ilory,61,2329.46,Indonesia,2021-10-30,Senior,VIP
540,Laureen Jordeson,98,3087.7,Bulgaria,2021-05-28,Senior,VIP
541,Dennis Wolfinger,47,4225.65,Bosnia and Herzegovina,2024-12-24,Adult,VIP
542,Emelita Vasentsov,44,4256.35,Cuba,2021-08-08,Adult,VIP
543,Kari Roseborough,21,2550.59,China,2020-03-08,Young Adult,VIP
544,Carmella Took,11,3792.76,Burundi,2023-06-30,Teen,VIP
545,Odette Banke,73,3546.59,China,2021-05-25,Senior,VIP
546,Ly Di Pietro,77,1375.23,Armenia,2022-04-21,Senior,VIP
547,Bonnee Merrien,15,1105.48,China,2024-04-20,Teen,VIP
548,Katlin Davidowich,18,3649.23,Indonesia,2024-09-12,Teen,VIP
549,Morse McGahy,73,4289.88,Colombia,2025-09-12,Senior,VIP
550,Nadya MacCague,100,3225.19,Indonesia,2020-06-22,Senior,VIP
551,Merle Hessenthaler,42,3183.62,Canada,2021-07-14,Adult,VIP
552,Fritz Offin,52,1912.25,Uganda,2021-10-26,Senior,VIP
553,Rustin Westwell,16,1095.22,Indonesia,2020-07-07,Teen,VIP
554,Janet Hallbord,64,3302.34,China,2022-01-27,Senior,VIP
555,Randal Snaddon,28,959.48,Argentina,2021-04-02,Young Adult,High
556,Chrissie Blakiston,65,2661.11,Poland,2021-06-03,Senior,VIP
557,Christal Bonner,74,3891.3,Finland,2019-11-05,Senior,VIP
558,Bennie Watkins,55,4266.82,Poland,2022-06-02,Senior,VIP
559,Chaddie Gopsell,18,435.78,Portugal,2021-03-17,Teen,Medium
560,Kyla Esh,37,2232.96,Indonesia,2022-06-17,Adult,VIP
561,Frasier Du Fray,16,2157.6,China,2023-06-07,Teen,VIP
562,Wilow Hurleston,1,3106.23,China,2021-11-14,Teen,VIP
563,Tandy Parmer,74,1608.63,France,2021-11-29,Senior,VIP
564,Alvin Hasser,68,2216.33,Turkmenistan,2025-07-15,Senior,VIP
565,Jobye Acomb,54,1655.16,China,2020-01-06,Senior,VIP
566,Lilian MacArte,33,4543.77,China,2020-09-06,Young Adult,VIP
567,Marjy Flipsen,13,657.93,Thailand,2024-07-06,Teen,High
568,Hestia Roust,79,3719.19,Slovenia,2025-09-17,Senior,VIP
569,Nap Giacobilio,67,175.83,Russia,2020-02-18,Senior,Medium
570,Joel Hagston,17,340.33,China,2022-04-26,Teen,Medium
571,Micki Hakes,77,4527.15,Latvia,2025-03-10,Senior,VIP
572,Jessy Cattlow,28,4364.69,Philippines,2022-05-13,Young Adult,VIP
573,Ingeberg Gunner,10,3193.5,Indonesia,2024-03-03,Teen,VIP
574,Reilly Hazlewood,49,478.95,Mexico,2021-03-28,Adult,Medium
575,Brigit Martinie,38,1280.56,Poland,2023-03-17,Adult,VIP
576,Brigid Stych,30,4913.2,United States,2021-09-17,Young Adult,VIP
577,Windy Garbert,47,1485.29,China,2021-03-22,Adult,VIP
578,Liam Stembridge,84,3219.29,North Korea,2025-12-23,Senior,VIP
579,Orbadiah Ruxton,40,2913.03,Indonesia,2024-05-16,Adult,VIP
580,Randy Bisson,10,3171.24,Russia,2025-06-26,Teen,VIP
581,Antonin Holtaway,31,2699.84,Poland,2020-05-23,Young Adult,VIP
582,Justino Lowth,37,3573.04,Portugal,2023-08-14,Adult,VIP
583,Aldo Castillo,95,4940.44,Honduras,2024-07-01,Senior,VIP
584,Meghann Elven,21,4775.75,Comoros,2021-02-23,Young Adult,VIP
585,Chance Jelly,11,1011.06,Spain,2020-04-26,Teen,VIP
586,Nathaniel Latchmore,2,2028.9,United States,2024-06-09,Teen,VIP
587,Merrie Penylton,85,428.18,Honduras,2022-08-19,Senior,Medium
588,Catlee Hempshall,54,3660.81,China,2025-01-02,Senior,VIP
589,Jacinta Bricham,94,1314.38,Nigeria,2025-01-10,Senior,VIP
590,Wilone Denge,72,2632.04,Peru,2022-07-22,Senior,VIP
591,Thadeus Baroch,43,4245.47,Nigeria,2021-05-22,Adult,VIP
592,Wayland Ling,43,3007.27,Philippines,2023-02-24,Adult,VIP
593,Mariellen Portwain,27,147.82,Czech Republic,2019-02-14,Young Adult,Medium
594,Lanae Roseman,63,3523.52,Philippines,2023-10-16,Senior,VIP
595,Agustin Carloni,51,865.21,China,2020-09-14,Senior,High
596,Waldon Souttar,8,2621.47,China,2020-06-02,Teen,VIP
597,Jarib Dallmann,46,3809.42,France,2024-11-07,Adult,VIP
598,Ingaberg MacEvilly,51,1940.04,France,2025-06-17,Senior,VIP
599,Blanca Chambers,30,2235.41,Philippines,2019-04-27,Young Adult,VIP
600,Roanna Fittes,11,2686.02,Colombia,2022-11-20,Teen,VIP
601,Odilia Assel,13,293.6,Ireland,2020-09-19,Teen,Medium
602,Elfreda Adamo,23,1082.48,Brazil,2021-06-26,Young Adult,VIP
603,Bethena Winders,60,4005.55,Lithuania,2020-11-20,Senior,VIP
604,Alonzo Coil,39,1733.18,Argentina,2023-04-18,Adult,VIP
605,Eyde Dufaire,32,2599.47,Tunisia,2024-12-05,Young Adult,VIP
606,Camille Beaufoy,16,1839.14,China,2020-09-11,Teen,VIP
607,Jenelle Celier,36,1079.49,Nigeria,2023-12-30,Adult,VIP
608,Danika MacCathay,32,1872.58,China,2021-10-31,Young Adult,VIP
609,Carter Cammis,60,774.09,Philippines,2022-02-26,Senior,High
610,Etty Bauldry,31,1715.98,Nigeria,2021-12-03,Young Adult,VIP
611,Arabel Duffie,41,715.74,Ukraine,2023-04-21,Adult,High
612,Marty Gooderridge,17,361.41,Indonesia,2020-01-25,Teen,Medium
613,Matty Squibbs,36,2582.45,Indonesia,2025-12-24,Adult,VIP
614,Wainwright Jeanet,1,2705.15,Uganda,2019-12-01,Teen,VIP
615,Joela Anthoin,34,3597.15,Saint Helena,2019-10-12,Young Adult,VIP
616,Trumaine Mackison,63,3289.5,Mongolia,2022-08-14,Senior,VIP
617,Anissa Larkcum,49,4071.01,Poland,2020-04-29,Adult,VIP
618,Rollin Fonso,100,4320.49,Portugal,2019-08-27,Senior,VIP
619,Aurelea Rapsey,74,2447.05,China,2019-02-02,Senior,VIP
620,Fitz Braybrooks,25,4290.62,Indonesia,2023-04-22,Young Adult,VIP
621,Grady Jeynes,62,791.45,Indonesia,2025-12-22,Senior,High
622,Kimberly Baylay,10,859.03,Russia,2019-11-21,Teen,High
623,Pavel Scoyne,51,3364.82,Philippines,2024-10-24,Senior,VIP
624,Elihu Hawley,48,478.65,United States,2024-05-26,Adult,Medium
625,Janeen Rowbottom,69,162.8,Russia,2019-10-27,Senior,Medium
626,Bebe Buten,52,265.66,Indonesia,2021-08-01,Senior,Medium
627,Gayler Gavin,95,4894.36,Russia,2022-07-31,Senior,VIP
628,Claudius Sawter,10,1481.89,Democratic Republic of the Congo,2021-12-30,Teen,VIP
629,Miguel Nuccii,11,3244.33,China,2020-06-26,Teen,VIP
630,Mata Popeley,54,2334.5,Russia,2025-09-08,Senior,VIP
631,Liza Parkhouse,64,4471.79,Brazil,2025-02-24,Senior,VIP
632,Inez Abbots,54,676.28,Sweden,2023-01-05,Senior,High
633,Davine Algeo,46,4978.03,Colombia,2021-01-14,Adult,VIP
634,Janel Middleditch,38,431.84,China,2021-07-28,Adult,Medium
635,Garey Le Friec,34,515.33,Sweden,2024-09-25,Young Adult,High
636,Gaston Zanelli,96,4955.76,Tanzania,2019-12-02,Senior,VIP
637,Ethe Olek,77,2028.38,Indonesia,2024-01-23,Senior,VIP
638,Waly Derrell,59,1990.21,Czech Republic,2025-07-03,Senior,VIP
639,Cosette Newe,4,4129.85,Mexico,2019-01-29,Teen,VIP
640,Stacia Aseef,25,3041.36,Jamaica,2025-10-17,Young Adult,VIP
641,Clarette Onions,39,4156.75,Indonesia,2025-10-01,Adult,VIP
642,Mellicent Birkbeck,63,369.6,Zambia,2022-03-03,Senior,Medium
643,Xerxes Dymott,81,2294.53,Russia,2019-10-07,Senior,VIP
644,Cleopatra Blanque,49,3119.89,Ethiopia,2019-07-19,Adult,VIP
645,Sallyann Rimell,20,4166.55,Brazil,2020-08-23,Young Adult,VIP
646,Calypso Edgcumbe,69,2753.54,China,2020-12-29,Senior,VIP
647,Ricoriki Radolf,65,3969.34,China,2023-12-01,Senior,VIP
648,Lilllie Jodlkowski,49,1586.4,Philippines,2021-09-26,Adult,VIP
649,Rickie Feavearyear,83,296.77,Ukraine,2022-05-03,Senior,Medium
650,Morton Cossentine,37,1725.13,Canada,2022-04-19,Adult,VIP
651,Damien Eddis,9,1222.27,China,2019-10-01,Teen,VIP
652,Dulciana Vellender,90,3362.49,Peru,2020-05-30,Senior,VIP
653,Clare Stobbart,71,4044.51,Russia,2025-12-22,Senior,VIP
654,Debbie Kopke,30,1873.53,China,2022-09-13,Young Adult,VIP
655,Ginnie Yellowlee,13,1119.75,China,2024-04-24,Teen,VIP
656,Chaddie Bigg,25,4845.77,Costa Rica,2019-05-28,Young Adult,VIP
657,Odessa Rowlatt,5,2244.5,Jamaica,2020-10-01,Teen,VIP
658,Bruno Penddreth,16,3307.84,Colombia,2019-05-06,Teen,VIP
659,Cam Bounds,5,1679.39,Republic of the Congo,2020-07-17,Teen,VIP
660,Ginnifer Pittford,55,4402.36,Cameroon,2020-08-21,Senior,VIP
661,Reggie Wooffinden,13,461.66,Portugal,2021-04-19,Teen,Medium
662,Margaretha Jakovijevic,24,512.43,Greece,2023-07-05,Young Adult,High
663,Oates Peplay,22,1399.15,Chile,2021-04-25,Young Adult,VIP
664,Thomasa Linzey,41,3259.04,Yemen,2020-10-20,Adult,VIP
665,Rozelle Messham,29,3376.12,Russia,2019-10-22,Young Adult,VIP
666,Duffie Poulsom,20,3700.23,Colombia,2025-03-09,Young Adult,VIP
667,Kipp Blagbrough,87,4884.69,China,2022-04-07,Senior,VIP
668,Sebastien Brozek,47,3314.23,Venezuela,2024-12-28,Adult,VIP
669,Isador Sturrock,6,1390.65,Brazil,2024-08-17,Teen,VIP
670,Ruthanne Entwhistle,94,1655.07,China,2019-01-29,Senior,VIP
671,Xylia Bratt,53,340.48,Indonesia,2025-05-29,Senior,Medium
672,Hartwell O'Grady,29,4709.81,Russia,2022-07-16,Young Adult,VIP
673,Peggy Caddy,98,527.56,Tanzania,2020-06-09,Senior,High
674,Nerty Wiltshaw,95,2061.7,China,2019-02-03,Senior,VIP
675,Alexia Sivorn,84,4780.38,China,2024-03-31,Senior,VIP
676,Karisa Androli,87,1067.61,Indonesia,2025-11-27,Senior,VIP
677,Shaun Winkle,66,417.99,Iran,2025-03-27,Senior,Medium
678,Sydney Durham,86,3594.15,Jordan,2024-03-26,Senior,VIP
679,Ivett Gradly,95,800.82,Bangladesh,2020-04-12,Senior,High
680,Romonda Moggie,3,1734.21,China,2020-03-04,Teen,VIP
681,Alexander McLugish,21,3597.39,Nigeria,2023-12-02,Young Adult,VIP
682,Quinn Speirs,90,3158.87,Indonesia,2025-11-29,Senior,VIP
683,Jessamyn Di Pietro,70,1874.38,France,2024-06-28,Senior,VIP
684,Bertie Seilmann,87,2118.26,Russia,2024-01-02,Senior,VIP
685,Dorri Ronan,43,4532.99,Luxembourg,2020-08-16,Adult,VIP
686,Emilie Stickney,3,4779.36,Vietnam,2024-10-24,Teen,VIP
687,Brig Dury,100,1091.59,Russia,2025-08-10,Senior,VIP
688,Tybi Overill,18,4696.71,Sweden,2020-09-29,Teen,VIP
689,Errol MacLaverty,21,2657.82,Canada,2019-05-21,Young Adult,VIP
690,Pieter Epine,59,3507.97,Guatemala,2023-12-01,Senior,VIP
691,Giselbert Janusz,99,4939.43,China,2022-05-31,Senior,VIP
692,Etienne Bamber,85,2656.01,Colombia,2019-10-23,Senior,VIP
693,Ambrosius Tick,17,2260.47,Czech Republic,2023-09-15,Teen,VIP
694,Serena Penk,99,623.68,China,2023-05-15,Senior,High
695,Calypso Stobbes,76,4877.31,Indonesia,2024-01-13,Senior,VIP
696,Jamey Corwin,10,2962.42,Palestinian Territory,2023-08-24,Teen,VIP
697,Franklyn Gussin,77,2644.56,Tanzania,2022-02-23,Senior,VIP
698,Felicle Brotherwood,59,4187.28,Morocco,2021-12-12,Senior,VIP
699,Netty Linfitt,15,3669.63,Albania,2019-11-08,Teen,VIP
700,Nadya Futcher,77,2719.08,Portugal,2022-12-04,Senior,VIP
701,Delilah Waller-Bridge,88,2802.96,Russia,2020-06-27,Senior,VIP
702,Barbie Bew,87,84.42,Mexico,2022-06-30,Senior,Low
703,Urson Gabitis,39,1777.54,Argentina,2022-10-01,Adult,VIP
704,Rosemaria Glaves,54,4363.5,Philippines,2019-07-01,Senior,VIP
705,Danila Di Ruggiero,81,3205.13,Portugal,2019-09-05,Senior,VIP
706,Tomlin Duffit,16,4650.01,Vietnam,2025-12-20,Teen,VIP
707,Bran Cattenach,6,2394.29,Philippines,2022-01-20,Teen,VIP
708,Juliet Setchfield,90,2317.71,Indonesia,2020-04-25,Senior,VIP
709,Anita Grigg,89,1394.84,Indonesia,2022-11-20,Senior,VIP
710,Davidson McWilliams,17,644.51,Philippines,2023-09-04,Teen,High
711,Geneva Gudde,1,4337.24,Sweden,2019-04-25,Teen,VIP
712,Farleigh Norman,10,2230.83,Poland,2024-09-28,Teen,VIP
713,Sansone Pearle,84,3497.21,Poland,2024-01-19,Senior,VIP
714,Lyndell Judge,30,444.18,Mexico,2025-06-26,Young Adult,Medium
715,Gil Abela,79,1506.6,Colombia,2021-07-16,Senior,VIP
716,Thurstan Pottie,76,3896.31,Portugal,2023-10-08,Senior,VIP
717,Mikaela Kunze,30,709.22,United States,2024-04-14,Young Adult,High
718,Dehlia Sherwin,1,4088.83,Russia,2025-07-10,Teen,VIP
719,Gerty Dickenson,34,3713.09,Russia,2021-09-08,Young Adult,VIP
720,Cosimo Fewless,29,3623.91,Indonesia,2022-07-25,Young Adult,VIP
721,Natala Massimi,99,1341.34,Argentina,2021-09-24,Senior,VIP
722,Caresa Blamey,49,2295.76,Andorra,2023-07-12,Adult,VIP
723,Leo Donnersberg,76,2958.65,Chile,2022-11-01,Senior,VIP
724,Christyna Gwyneth,35,4671.67,Portugal,2022-08-25,Young Adult,VIP
725,Frannie Spinnace,88,890.32,Brazil,2020-05-17,Senior,High
726,Everard Bedinham,75,2110.24,Pakistan,2020-03-29,Senior,VIP
727,Lorrie Sousa,28,211.47,Namibia,2025-12-01,Young Adult,Medium
728,Byrann Triggel,37,1596.88,Russia,2024-12-13,Adult,VIP
729,Jules Younghusband,80,2361.41,China,2020-03-06,Senior,VIP
730,Killie Rundle,90,4426.35,Saint Lucia,2022-05-05,Senior,VIP
731,Nita Suffield,35,1126.31,China,2020-03-03,Young Adult,VIP
732,Codi Hoffman,39,4644.68,Ivory Coast,2025-05-25,Adult,VIP
733,Gregor Wickes,55,4594.97,Indonesia,2019-07-06,Senior,VIP
734,Sallie Spavon,54,4571.42,Jamaica,2019-08-11,Senior,VIP
735,Wit Smallshaw,11,1185.31,China,2025-12-22,Teen,VIP
736,Bryn Zappel,17,1363.21,Philippines,2024-06-17,Teen,VIP
737,Theodosia Aumerle,33,2281.98,China,2023-12-17,Young Adult,VIP
738,Avram Grigolli,43,3297.81,China,2021-04-10,Adult,VIP
739,Terrye Gehrts,81,4716.25,Estonia,2023-10-27,Senior,VIP
740,Vanni Crookes,79,3549.03,Poland,2021-07-09,Senior,VIP
741,Leigha Ounsworth,49,2826.1,Moldova,2023-02-02,Adult,VIP
742,Iseabal Geraudy,81,4460.81,Uzbekistan,2023-12-26,Senior,VIP
743,Xenos Achurch,16,3592.45,Russia,2019-04-07,Teen,VIP
744,Sibelle Bumford,97,3596.29,China,2019-12-29,Senior,VIP
745,Caldwell Ivancevic,100,3432.95,United States,2022-08-10,Senior,VIP
746,Berkeley Myers,3,2415.18,Philippines,2023-12-18,Teen,VIP
747,Carlie Wakely,96,2301.24,Philippines,2020-04-04,Senior,VIP
748,Garrek Chesters,30,2410.32,Norway,2023-01-03,Young Adult,VIP
749,Oswald Hilbourne,38,4270.32,China,2019-06-12,Adult,VIP
750,Katinka Tupling,87,37.95,Colombia,2019-01-08,Senior,Low
751,Luz Andrys,43,803.46,Nigeria,2023-07-31,Adult,High
752,Stacy O' Culligan,4,3091.37,Tajikistan,2021-07-02,Teen,VIP
753,Wileen Burcombe,98,2792.02,China,2023-05-11,Senior,VIP
754,Izabel Bonafant,21,4650.17,Thailand,2021-04-16,Young Adult,VIP
755,Krispin Smeeton,81,3309.46,Venezuela,2019-10-22,Senior,VIP
756,Donia Kern,81,753.04,Ecuador,2022-12-31,Senior,High
757,Trina Kitcherside,29,2678.24,Portugal,2019-05-03,Young Adult,VIP
758,Theresina McManamon,7,2917.41,Indonesia,2023-11-04,Teen,VIP
759,Wolfy Bukowski,58,2040.46,Philippines,2021-06-09,Senior,VIP
760,Julee Stetson,23,4110.02,Indonesia,2020-08-06,Young Adult,VIP
761,Hallsy Gotter,29,3357.73,United States,2021-11-05,Young Adult,VIP
762,Lemmie Abrehart,82,205.33,Mexico,2024-08-14,Senior,Medium
763,Dicky Cosins,11,409.56,Russia,2019-03-31,Teen,Medium
764,Moritz Stampe,34,3661.5,China,2022-12-26,Young Adult,VIP
765,Torrence Pacey,97,3324.35,Poland,2025-10-27,Senior,VIP
766,Morgana Whannel,58,4608.78,China,2021-08-08,Senior,VIP
767,Yolanthe Matfield,50,4275.42,Malaysia,2021-06-12,Adult,VIP
768,Barry McTurk,63,4740.18,Russia,2019-11-11,Senior,VIP
769,Tabbi Larderot,3,2866.56,France,2021-11-04,Teen,VIP
770,Inness Sarney,79,4559.92,Colombia,2023-04-25,Senior,VIP
771,Moritz Strowthers,78,580.71,Montenegro,2024-07-17,Senior,High
772,Scottie Alliker,48,555.67,Austria,2023-08-18,Adult,High
773,Barby Brunet,54,3840.56,Ireland,2019-03-16,Senior,VIP
774,Norman Breche,6,2525.25,Albania,2023-01-19,Teen,VIP
775,Isabella Bettesworth,66,3348.16,Portugal,2021-04-01,Senior,VIP
776,Leila Slee,42,1444.42,United States,2019-02-11,Adult,VIP
777,Alec Muck,88,1386.16,South Africa,2024-02-28,Senior,VIP
778,Giustina Vanichkin,47,844.3,Russia,2024-11-29,Adult,High
779,Haley Lorriman,91,2676.12,South Africa,2024-09-12,Senior,VIP
780,Catie Dibsdale,1,4434.31,Poland,2020-05-31,Teen,VIP
781,Clemmy Kaming,80,391.35,Poland,2020-09-24,Senior,Medium
782,Barrie Cheevers,96,1731.94,Mexico,2024-04-03,Senior,VIP
783,Eduardo Bartleman,50,508.51,Japan,2024-05-05,Adult,High
784,Cindee Mottini,17,842.72,Philippines,2021-12-19,Teen,High
785,Isador O'Corren,79,1156.82,Bulgaria,2021-06-14,Senior,VIP
786,Margarette Paten,48,484.15,Bahamas,2024-11-13,Adult,Medium
787,Renaldo Devonald,23,3971.15,China,2025-12-08,Young Adult,VIP
788,Marietta Aldham,10,3200.52,United States,2020-05-30,Teen,VIP
789,Janaye Dallyn,49,4946.29,Indonesia,2022-07-01,Adult,VIP
790,Gordy Trevon,13,960.66,France,2024-10-25,Teen,High
791,Pegeen Alster,4,4593.57,Pakistan,2025-05-27,Teen,VIP
792,Timoteo Hullyer,94,222.3,Afghanistan,2025-07-04,Senior,Medium
793,Moss Wolton,29,4661.72,China,2019-02-05,Young Adult,VIP
794,Sylvester McRuvie,31,2353.88,Luxembourg,2023-12-06,Young Adult,VIP
795,Marylee Hinrich,91,389.01,China,2022-09-16,Senior,Medium
796,Arlie Driver,77,4649.17,Bulgaria,2024-10-04,Senior,VIP
797,Alastair O'Haire,54,4964.06,Thailand,2024-10-09,Senior,VIP
798,Stacy Stear,78,1320.44,Russia,2023-10-06,Senior,VIP
799,Felicio Moffet,88,2686.21,Indonesia,2025-01-06,Senior,VIP
800,Tera Sebrens,64,4054.4,Yemen,2023-10-17,Senior,VIP
801,Putnem Donnelly,20,3576.45,China,2021-12-20,Young Adult,VIP
802,Paul Aymes,50,2521.86,Indonesia,2024-05-07,Adult,VIP
803,Donnamarie La Croce,81,4748.89,Serbia,2020-01-29,Senior,VIP
804,Idalina Pagnin,42,866.97,Kosovo,2022-10-18,Adult,High
805,Hilarius Pickrill,84,4104.77,Russia,2020-06-18,Senior,VIP
806,Reine Edgeller,16,4098.57,Philippines,2024-10-13,Teen,VIP
807,Sullivan Wiskar,46,3484.82,South Sudan,2019-07-15,Adult,VIP
808,Lorne Wickstead,92,4511.87,Portugal,2019-08-26,Senior,VIP
809,Truman Tunno,78,3752.7,Bangladesh,2024-01-31,Senior,VIP
810,Erie Drever,99,2114.28,Greece,2025-08-22,Senior,VIP
811,Maximilien McMains,25,1910.2,Sweden,2023-01-09,Young Adult,VIP
812,Aili Meneux,20,540.95,Mayotte,2020-12-02,Young Adult,High
813,Roana Ramsbottom,25,769.7,United States,2021-12-02,Young Adult,High
814,Tyson Illingworth,48,3346.0,Russia,2019-04-14,Adult,VIP
815,Karin Kilkenny,6,2431.23,Greece,2022-04-28,Teen,VIP
816,Penny Meacher,82,1310.56,Japan,2021-03-15,Senior,VIP
817,Emili Raiker,91,3947.57,Malaysia,2022-10-09,Senior,VIP
818,Alphard McCourt,26,4801.82,Thailand,2020-05-15,Young Adult,VIP
819,Perla Jurisic,82,406.07,Poland,2020-06-23,Senior,Medium
820,Ricky Mathet,12,2819.39,Portugal,2025-09-06,Teen,VIP
821,Lizabeth Blomfield,27,2921.0,Nigeria,2022-10-26,Young Adult,VIP
822,Kamila Finby,39,3956.26,Lithuania,2021-08-11,Adult,VIP
823,Arie O'Coskerry,69,4572.99,China,2020-08-14,Senior,VIP
824,Pamelina Vickery,16,859.06,China,2024-11-06,Teen,High
825,Maison Kyncl,62,2483.7,China,2025-08-17,Senior,VIP
826,Felipe Rushman,62,1885.9,Mexico,2024-05-26,Senior,VIP
827,Dino Huxham,28,2386.46,Philippines,2021-04-27,Young Adult,VIP
828,Benjy Meconi,47,4921.92,China,2020-10-14,Adult,VIP
829,Renie Lusted,18,4922.29,Czech Republic,2025-02-03,Teen,VIP
830,Imelda Briiginshaw,30,288.72,Japan,2021-09-10,Young Adult,Medium
831,Berty Adolthine,75,3519.02,Indonesia,2025-05-30,Senior,VIP
832,Genni Boggish,74,1900.2,Zimbabwe,2022-04-30,Senior,VIP
833,Kristos Lasslett,34,1348.09,Iran,2020-08-26,Young Adult,VIP
834,Galvan Attenburrow,3,622.28,Indonesia,2023-11-09,Teen,High
835,Wynn Klaas,17,3719.78,Albania,2025-08-30,Teen,VIP
836,Farlie Pietruszewicz,81,402.39,Albania,2020-02-20,Senior,Medium
837,Wheeler Guilfoyle,97,2304.69,Italy,2022-05-20,Senior,VIP
838,Ronica Moresby,62,1621.25,Morocco,2021-05-21,Senior,VIP
839,Seamus Ludy,37,4612.89,Indonesia,2023-11-14,Adult,VIP
840,Aldin Kippins,86,526.07,Afghanistan,2025-07-30,Senior,High
841,Rooney Rowson,16,4980.94,China,2021-10-23,Teen,VIP
842,Celka Beaves,15,3518.33,Slovenia,2019-03-18,Teen,VIP
843,Laurette Timeby,79,4024.14,Albania,2019-09-21,Senior,VIP
844,Nathalie Casarino,1,1545.71,Tanzania,2022-04-15,Teen,VIP
845,Yetty Fearfull,4,1385.78,France,2020-01-28,Teen,VIP
846,Sonni Yegorov,28,3689.24,Cyprus,2022-02-24,Young Adult,VIP
847,Trent Hedan,45,1128.33,Indonesia,2024-11-11,Adult,VIP
848,Nan Benge,44,3918.03,Sweden,2019-01-13,Adult,VIP
849,Tremaine Dulinty,13,1270.13,Brazil,2021-10-04,Teen,VIP
850,Cheslie Bloom,87,3679.78,Russia,2019-12-08,Senior,VIP
851,Nadiya Morican,6,4059.56,Greece,2019-02-06,Teen,VIP
852,Sheppard Redmore,22,2996.7,Turkmenistan,2025-05-29,Young Adult,VIP
853,Kyle Junkin,34,4185.82,Japan,2023-03-22,Young Adult,VIP
854,Fonsie Tratton,5,874.71,China,2019-03-11,Teen,High
855,Kaitlin Danton,25,1038.33,Indonesia,2023-05-07,Young Adult,VIP
856,Prescott Georgeot,54,2906.65,Sweden,2023-12-17,Senior,VIP
857,Tildy Fannin,61,3520.52,China,2021-12-28,Senior,VIP
858,Kelsy Wippermann,49,4986.91,Honduras,2020-03-19,Adult,VIP
859,Alfredo Trammel,21,4130.48,Portugal,2019-08-20,Young Adult,VIP
860,Elita Gelland,29,1856.96,Indonesia,2022-09-26,Young Adult,VIP
861,Gabriellia Nugent,90,1013.37,Kazakhstan,2023-03-26,Senior,VIP
862,Prissie Wakelin,18,2149.8,Vietnam,2024-06-08,Teen,VIP
863,Bride Oxbrough,66,4556.01,Dominican Republic,2022-09-21,Senior,VIP
864,Elsy Zambon,83,2792.73,Brazil,2021-08-13,Senior,VIP
865,Roddie Habin,9,4447.7,Peru,2024-04-23,Teen,VIP
866,Charlean Soitoux,8,1564.98,China,2022-11-25,Teen,VIP
867,Shirley Dolan,9,186.0,Portugal,2023-06-05,Teen,Medium
868,Titos Vivian,66,961.6,China,2024-11-03,Senior,High
869,Ursulina Entwistle,88,4668.31,Ukraine,2021-09-15,Senior,VIP
870,Klemens Copley,5,3310.33,Indonesia,2019-01-31,Teen,VIP
871,Goddart Hutable,51,1233.72,Japan,2023-04-04,Senior,VIP
872,Thadeus Beatty,64,4796.6,Tanzania,2024-12-07,Senior,VIP
873,Paola Casero,100,366.88,China,2025-06-09,Senior,Medium
874,Crystie Loughney,76,3748.89,China,2019-08-07,Senior,VIP
875,Thain Tideswell,100,3348.8,China,2021-02-09,Senior,VIP
876,Anthea Youell,26,4274.83,China,2019-03-03,Young Adult,VIP
877,Nicolle Kehri,27,3669.21,Croatia,2023-03-27,Young Adult,VIP
878,Killie Stayt,20,841.36,Sierra Leone,2024-10-27,Young Adult,High
879,Burlie Bradburn,18,4473.95,Russia,2022-02-27,Teen,VIP
880,Valdemar Beardow,92,1944.38,Indonesia,2022-09-06,Senior,VIP
881,Anderea Rollins,38,1800.54,Brazil,2022-02-05,Adult,VIP
882,Van Lexa,2,3030.01,Philippines,2019-07-01,Teen,VIP
883,Jacklin Tunnacliffe,43,1238.53,Moldova,2025-05-26,Adult,VIP
884,Alexi Stute,62,234.27,Indonesia,2021-01-25,Senior,Medium
885,Beatrix Gemelli,4,3317.25,China,2021-01-27,Teen,VIP
886,Kandace Balbeck,92,477.19,Indonesia,2025-11-28,Senior,Medium
887,Jammie Birkenhead,60,3569.35,Brazil,2025-06-25,Senior,VIP
888,Roley Syratt,38,3111.01,Japan,2023-08-06,Adult,VIP
889,Robert Cristofano,63,2563.97,Russia,2023-10-21,Senior,VIP
890,Rachele Dulinty,77,1431.53,Palestinian Territory,2020-12-06,Senior,VIP
891,Lesli Drynan,81,2642.25,Philippines,2020-03-06,Senior,VIP
892,Shepherd Digle,3,169.46,China,2021-06-24,Teen,Medium
893,Melisse Collough,100,3785.42,South Africa,2023-06-02,Senior,VIP
894,Rutledge Esparza,31,2390.93,China,2019-03-18,Young Adult,VIP
895,Karisa Wiper,73,1696.44,Malaysia,2024-08-28,Senior,VIP
896,Betteanne Beddoes,2,4391.48,Sweden,2025-06-09,Teen,VIP
897,Millard Balsdon,22,2888.26,China,2021-03-21,Young Adult,VIP
898,Vally Franklyn,56,3049.83,France,2022-01-12,Senior,VIP
899,Clare Olley,84,344.42,China,2023-10-25,Senior,Medium
900,Sheilah Klich,41,3755.75,Serbia,2021-02-17,Adult,VIP
901,Bartolomeo Radmer,93,1964.68,Indonesia,2025-01-28,Senior,VIP
902,Garrott Barbary,2,2588.39,Portugal,2023-05-12,Teen,VIP
903,Annabela Lambrook,44,4240.13,Indonesia,2019-11-05,Adult,VIP
904,Caroline Hynam,3,4504.44,Democratic Republic of the Congo,2020-09-27,Teen,VIP
905,Joyous Lockitt,37,3781.83,Pitcairn,2020-05-13,Adult,VIP
906,Daune Dannehl,90,1258.61,Brazil,2025-07-19,Senior,VIP
907,Perri Parsons,9,4040.74,Greece,2023-04-18,Teen,VIP
908,Charlot Salatino,8,4414.81,Indonesia,2022-08-12,Teen,VIP
909,Artemis Kingswood,74,3505.62,Portugal,2021-08-22,Senior,VIP
910,Rosalinda Hardware,54,3014.02,Sweden,2022-11-23,Senior,VIP
911,Ilise Etchingham,56,1968.74,Russia,2019-09-29,Senior,VIP
912,Augustine Smidmore,76,1207.13,France,2019-03-10,Senior,VIP
913,Carmelina Wilsone,32,3429.72,China,2023-10-11,Young Adult,VIP
914,Andris Durand,51,3427.02,Indonesia,2023-10-07,Senior,VIP
915,Cindra Toffanelli,24,3009.39,Indonesia,2025-04-22,Young Adult,VIP
916,Norman Sellack,91,4729.01,Croatia,2019-05-31,Senior,VIP
917,Alvina China,92,16.29,China,2024-12-16,Senior,Low
918,Dudley Kolyagin,76,157.52,Indonesia,2020-02-22,Senior,Medium
919,Latrina Caldera,99,253.19,Angola,2022-11-15,Senior,Medium
920,Terza Mannakee,52,328.98,Guatemala,2025-06-28,Senior,Medium
921,Ellerey Alywin,92,3397.18,Brazil,2021-08-15,Senior,VIP
922,Dallas Morden,56,4496.49,China,2022-09-26,Senior,VIP
923,Arley Desmond,76,3515.04,Azerbaijan,2020-04-02,Senior,VIP
924,Torrance Laybourn,36,3714.75,Portugal,2021-07-10,Adult,VIP
925,Artur Southall,48,3334.88,Belgium,2019-04-07,Adult,VIP
926,Nelli Corten,11,2994.52,Philippines,2022-05-30,Teen,VIP
927,Carma Blenkiron,77,2106.28,Philippines,2023-11-21,Senior,VIP
928,Kendal Proschke,24,4128.52,Uruguay,2023-09-28,Young Adult,VIP
929,Shellysheldon McGiffin,78,2609.94,Ukraine,2023-03-22,Senior,VIP
930,Pier Trenbey,74,1078.3,Mongolia,2023-12-17,Senior,VIP
931,Yvor Gavin,58,2840.44,China,2025-10-16,Senior,VIP
932,Chan Dubois,82,1232.57,Croatia,2021-06-05,Senior,VIP
933,Thornton Janata,52,3416.56,Russia,2024-03-23,Senior,VIP
934,Felicia Grevatt,81,2998.22,Argentina,2024-05-07,Senior,VIP
935,Cornell Dielhenn,11,3956.3,South Africa,2021-02-17,Teen,VIP
936,Angeli O'Farris,44,3691.51,Indonesia,2021-12-14,Adult,VIP
937,Jason Braddock,87,3726.11,China,2023-06-09,Senior,VIP
938,Michaela Macilhench,50,1508.47,Indonesia,2025-11-09,Adult,VIP
939,Isidora Hazelden,24,3435.28,China,2020-01-31,Young Adult,VIP
940,Ines Biggs,92,4209.14,China,2020-07-13,Senior,VIP
941,Vaughn Worsnap,10,4308.8,Portugal,2025-05-14,Teen,VIP
942,Esme Helstrip,35,1007.28,Yemen,2020-02-11,Young Adult,VIP
943,Cullin Vaughan-Hughes,51,4141.02,Brazil,2020-10-29,Senior,VIP
944,Whittaker Haet,82,1311.35,Norway,2023-09-18,Senior,VIP
945,Pietrek Nannoni,14,4419.32,Japan,2019-01-07,Teen,VIP
946,Vanessa Feben,55,1258.17,China,2023-06-17,Senior,VIP
947,Sancho Wardrop,48,3206.98,Philippines,2025-03-08,Adult,VIP
948,Alic Whightman,88,3135.72,Indonesia,2020-04-11,Senior,VIP
949,Nicolai Garralts,47,1323.23,Cameroon,2022-11-14,Adult,VIP
950,Hertha Massei,89,782.08,Philippines,2024-06-15,Senior,High
951,Chico Eakin,83,3441.16,Indonesia,2023-03-27,Senior,VIP
952,Rolf Wildblood,42,2639.81,France,2019-04-16,Adult,VIP
953,Henrik Dabels,23,3193.01,Ukraine,2021-11-04,Young Adult,VIP
954,Austina Cawdron,38,1953.82,Peru,2019-01-04,Adult,VIP
955,Babbette Gowman,78,224.32,China,2024-09-04,Senior,Medium
956,Fraze Arnatt,45,4673.14,Poland,2024-08-10,Adult,VIP
957,Tonie Tocknell,97,4401.29,China,2024-12-19,Senior,VIP
958,Che Ingrem,41,1989.72,Indonesia,2023-07-27,Adult,VIP
959,Caro Lowles,27,4368.16,Brazil,2020-11-08,Young Adult,VIP
960,Karin Oswald,90,2122.46,China,2022-01-12,Senior,VIP
961,Garrick Poter,96,3843.6,Russia,2022-07-08,Senior,VIP
962,Jamaal Adamkiewicz,81,2558.71,United States,2020-01-26,Senior,VIP
963,Jo-anne Clutram,89,2029.62,Kazakhstan,2021-12-15,Senior,VIP
964,Delly Danton,90,47.58,Russia,2021-09-24,Senior,Low
965,Barbie Halegarth,41,4704.56,Brazil,2020-10-05,Adult,VIP
966,Tirrell Oley,14,4752.28,China,2022-02-24,Teen,VIP
967,Hettie Keymar,15,3842.35,Thailand,2025-03-11,Teen,VIP
968,Trent Mangam,91,1144.24,Croatia,2023-10-22,Senior,VIP
969,Maurits Irving,11,2262.07,China,2022-05-11,Teen,VIP
970,Leeanne Truce,90,4028.29,France,2020-06-11,Senior,VIP
971,Lexis Summons,83,1880.32,Brazil,2020-05-19,Senior,VIP
972,Othelia Seer,35,4674.51,Indonesia,2019-12-24,Young Adult,VIP
973,Carina Joel,17,740.68,Indonesia,2020-05-09,Teen,High
974,Basile Pearl,35,1519.1,Portugal,2020-12-26,Young Adult,VIP
975,Gideon Frew,29,1195.26,China,2025-01-22,Young Adult,VIP
976,Mia MacCallion,72,4306.77,Poland,2024-05-18,Senior,VIP
977,Cointon Gowlett,79,4754.46,Finland,2024-11-12,Senior,VIP
978,Tammie Manicom,61,837.27,China,2022-10-23,Senior,High
979,Betteann Cawthron,79,3775.78,Portugal,2021-05-24,Senior,VIP
980,Donnell Patullo,92,4859.47,Colombia,2021-01-02,Senior,VIP
981,Candide Daelman,73,4662.86,Philippines,2021-03-02,Senior,VIP
982,Terrie Huddle,68,2384.19,France,2025-03-09,Senior,VIP
983,Winfred Dunbar,56,3827.36,China,2023-10-26,Senior,VIP
984,Minni Corpe,31,4571.3,Netherlands,2025-09-28,Young Adult,VIP
985,Aaren Roddy,81,3760.95,Ukraine,2022-11-07,Senior,VIP
986,Marlin Seeman,90,4141.63,Russia,2020-01-03,Senior,VIP
987,Merilyn Dybbe,77,674.1,Portugal,2022-10-11,Senior,High
988,Dennis Chander,20,3646.22,Indonesia,2024-10-14,Young Adult,VIP
989,Chlo Malcolmson,55,654.83,South Africa,2019-03-26,Senior,High
990,Hewitt Fewings,22,480.78,Brazil,2025-08-26,Young Adult,Medium
991,Candra Ellis,14,1600.27,China,2019-09-10,Teen,VIP
992,Bessie Mugridge,91,1292.04,Thailand,2021-04-07,Senior,VIP
993,Ernestus Standeven,45,2556.16,China,2024-05-29,Adult,VIP
994,Kevin Drewet,86,2363.35,Greece,2024-02-02,Senior,VIP
995,Rikki Liccardi,94,3412.96,China,2025-11-14,Senior,VIP
996,Karlyn Baiden,13,3539.72,Serbia,2019-01-01,Teen,VIP
997,Dagny Rankcom,27,2303.1,China,2019-06-06,Young Adult,VIP
998,Clemmie Hebble,23,4419.31,Brazil,2022-03-20,Young Adult,VIP
999,Sheffy Plumtree,12,3856.43,Indonesia,2021-09-02,Teen,VIP
1000,Kurt Quaif,68,1174.88,Micronesia,2020-12-03,Senior,VIP
