CustomerID,Name,Age,PurchaseAmount,Country,Date
1,Starlene Lowdham,7,2538.44,Indonesia,11-05-2021
2,Inez Segrott,97,1666.13,Morocco,16-10-2024
3,Wilmette McNerlin,74,1291.57,South Africa,28-10-2022
4,Randolph Babber,9,2464.18,Russia,14-09-2022
5,Tamarah Bolin,76,4596.19,China,02-12-2022
6,Stanislas Cleaton,98,3303.37,Japan,24-03-2019
7,Naomi Kean,54,2312.3,Poland,22-10-2025
8,Turner Adran,1,1217.87,China,08-12-2019
9,Lianne Lilburn,69,2493.17,Indonesia,06-04-2022
10,Aggy Sambidge,36,4464.09,Portugal,31-05-2019
11,Rudolph Tripon,5,4785.02,Philippines,03-05-2024
12,Orbadiah Kenningham,21,3785.56,Indonesia,24-08-2022
13,Amory Kilmaster,31,3669.13,China,07-11-2022
14,Adrea Spellicy,29,1607.87,Peru,23-01-2024
15,Moise Chilver,35,4299.58,Peru,21-08-2022
16,Juieta Gouge,84,3067.73,Russia,10-06-2022
17,Avrom Mobley,86,4218.1,China,13-02-2020
18,Natty Etter,5,1950.65,Poland,16-07-2023
19,Linell Skeates,56,2741.48,United States,16-11-2021
20,Wendel Skidmore,39,1125.02,Philippines,22-02-2020
21,Trstram Sodeau,81,3286.08,El Salvador,21-11-2024
22,Daloris Henner,17,546.07,China,16-07-2021
23,Pavla Ghirardi,10,1407.78,Philippines,09-01-2022
24,Lurette Kitchingham,58,2373.56,Iran,06-09-2025
25,Almeria Berkowitz,8,19.78,Indonesia,27-04-2024
26,Devland Buckingham,77,2840.28,China,04-01-2023
27,Kort Murt,74,4000.69,Niger,18-02-2023
28,Liesa Ricardon,28,345.65,Canada,05-02-2019
29,Cortie Kempstone,83,3050.75,United States,20-02-2020
30,Elaina Antram,46,2809.89,Philippines,14-10-2024
31,Cleveland Ellens,15,2641.35,Indonesia,06-01-2024
32,Carleen Porson,51,3029.67,Guatemala,17-09-2025
33,Rickey Sowerby,67,564.13,Macedonia,19-09-2025
34,Bogey Bamlet,7,4702.45,Haiti,17-06-2023
35,Danni Blackaby,17,1188.71,Indonesia,13-01-2023
36,Tyler Studders,6,2580.08,Peru,10-05-2023
37,Kiley Beecham,78,2445.27,Serbia,01-01-2024
38,Nikoletta Veldstra,13,4405.2,Mexico,24-07-2023
39,Morgan Tomini,22,1971.92,Philippines,18-12-2024
40,Mable Windybank,64,1688.04,Sweden,02-06-2021
41,Alaric Hazelgrove,56,2471.76,Philippines,09-04-2019
42,Fidole Banke,29,1964.34,Malaysia,13-08-2024
43,Nate Frandsen,85,2508.3,United States,04-01-2019
44,Tristam Brearton,3,2667.08,China,08-12-2021
45,Karel Baynton,28,4255.69,Dominican Republic,10-07-2022
46,Ronald Gummie,21,4170.72,Czech Republic,08-04-2024
47,Cornell Kabos,69,862.87,Indonesia,13-08-2020
48,Antonio Odd,28,2542.25,Russia,15-03-2022
49,Darelle McKeighen,79,2518.72,Portugal,02-01-2019
50,Alva Laurent,66,1383.51,Poland,13-09-2024
51,Cassondra Kemmett,66,52.9,Kenya,13-11-2019
52,Arabelle Jodlowski,62,3512.27,Indonesia,26-05-2025
53,Ethelbert Matovic,85,3106.52,Venezuela,23-11-2024
54,Rip Lovick,87,1487.43,China,12-05-2022
55,Nichole Windaybank,98,2019.7,Philippines,07-10-2023
56,Kati Swendell,46,2329.13,China,04-12-2023
57,Etan Assad,26,3035.94,Greece,17-02-2022
58,Gideon Swadlen,85,3351.67,United States,28-05-2025
59,Stanford Toffler,10,1074.97,Indonesia,25-09-2022
60,Parrnell Ballingal,72,1858.2,Croatia,31-08-2020
61,Dud Mongeot,86,3361.49,Portugal,09-10-2020
62,Gerti Po,56,4956.11,China,29-10-2025
63,Wernher Gillhespy,100,518.85,Bolivia,25-06-2023
64,Davin Ranklin,5,21.88,China,30-03-2024
65,Florella O'Neil,59,84.3,Indonesia,18-03-2021
66,Crawford Corse,32,3256.43,Afghanistan,27-09-2024
67,Osgood Bartul,26,2575.11,Yemen,14-12-2020
68,Dalis Hughesdon,31,1623.07,Russia,15-02-2025
69,Umberto Hutsby,24,694.27,France,20-07-2023
70,Lamont Wetton,12,45.28,Tunisia,16-09-2020
71,Jarvis Jotcham,60,307.97,France,30-08-2025
72,Delainey Benedito,1,318.76,Sweden,04-06-2022
73,Kimberlyn Sotham,29,1010.63,Philippines,02-11-2024
74,Kane Gostall,23,2488.41,France,25-02-2024
75,Eartha Ridehalgh,5,3902.78,Greece,13-01-2021
76,Worthington Siburn,60,2326.95,United States,20-12-2025
77,Bern Blackborow,47,3596.42,Belarus,22-06-2022
78,Fitz Faccini,16,628.6,Brazil,18-05-2019
79,Avis Ambler,17,3205.16,Russia,06-07-2020
80,Reiko Filippi,67,1814.05,China,27-04-2020
81,Anett Finessy,34,2431.79,Sweden,02-06-2020
82,Lawrence Cornehl,1,1626.14,Poland,12-05-2024
83,Candida Readwood,91,679.15,Thailand,02-05-2020
84,Keefer Domenici,6,2507.0,Peru,22-05-2025
85,Bellanca Weild,32,4229.74,Indonesia,21-12-2025
86,Oren Loughman,30,4073.22,Ukraine,27-10-2019
87,Del Conradie,42,300.72,Ukraine,20-04-2025
88,Terrance Breadmore,99,4572.41,Latvia,09-12-2023
89,Atlanta Skirving,61,3061.47,Czech Republic,25-02-2023
90,Killie Feasley,11,2674.0,Jamaica,01-04-2021
91,Dione Eick,62,3404.11,Indonesia,27-10-2025
92,Katherine Fenners,67,2306.13,Greece,23-05-2022
93,Colman D'orsay,97,3915.62,Madagascar,11-08-2019
94,Teador Baynom,86,3119.15,Palestinian Territory,28-06-2019
95,Thornton Maypowder,63,3986.17,United States,12-08-2024
96,Robinet Sambals,16,3048.11,Portugal,08-09-2021
97,Andris Blindmann,97,2883.36,Philippines,26-02-2025
98,Lucia Joberne,6,1497.75,Greece,30-08-2025
99,Jerri Loughnan,51,3959.02,Brazil,20-01-2020
100,Electra Radeliffe,70,4553.5,China,06-02-2019
101,Honey Beach,6,764.37,Thailand,02-11-2020
102,Sibeal Kisar,30,3861.25,Brazil,14-10-2025
103,Lilia Downton,6,2359.29,Afghanistan,27-02-2023
104,Vivia Giraldez,38,1002.32,Solomon Islands,04-07-2021
105,Pryce Sich,82,313.52,China,19-11-2024
106,Bambi Bradnum,91,2559.83,Indonesia,01-02-2023
107,Natividad Drust,93,4805.05,Japan,02-06-2023
108,Bethanne De Roos,65,1827.29,China,20-02-2022
109,Merrick Giametti,85,1937.43,Syria,29-04-2025
110,Natty Crickmer,97,4951.01,Russia,07-12-2019
111,Othella Mogie,21,4613.46,United States,09-11-2019
112,Gabie Bridgnell,59,1606.69,China,22-02-2025
113,Whitman Kersey,69,1551.11,Indonesia,03-08-2024
114,Deerdre Davidofski,31,4618.92,Morocco,11-06-2021
115,Jeanine Gowdie,35,1872.98,Guatemala,28-12-2025
116,Janice Trevaskiss,44,3426.29,Portugal,06-10-2021
117,Ximenez Daldry,54,1738.35,Egypt,01-05-2021
118,Davida Meeland,35,467.7,Canada,08-11-2025
119,Tulley Blacklock,35,1363.13,Denmark,17-07-2022
120,Marcello Antram,87,4135.4,Argentina,14-04-2019
121,Tonie Hebblethwaite,37,4249.7,Poland,19-12-2022
122,Quillan Bulbeck,48,2581.31,China,04-10-2022
123,Gregoire Doudney,69,2064.67,Bhutan,09-08-2020
124,Valera Duckels,66,3225.55,China,22-11-2024
125,Hartley Strelitz,76,2951.46,Venezuela,30-06-2022
126,Crawford Penquet,72,4789.45,Germany,22-10-2019
127,Myrtia Plumley,34,3304.31,Indonesia,09-11-2021
128,Hilliary Cloutt,89,4870.29,Philippines,03-10-2024
129,Bunny Blannin,36,274.51,China,10-12-2020
130,Katrina Galtone,35,3850.16,Croatia,21-07-2024
131,Rickert Garthland,33,4609.69,Russia,26-10-2023
132,Joelly Dewer,72,4877.88,Colombia,01-12-2022
133,Zondra Cogdell,30,3515.46,Poland,21-08-2024
134,Georgianne Allder,47,1439.38,Macedonia,21-03-2023
135,Johnette Guthrie,47,4494.93,Russia,30-01-2024
136,Zeb Maymond,62,2655.11,Peru,14-05-2022
137,Lonnard Naisbet,49,152.29,Indonesia,08-10-2019
138,Bat Sorrill,58,2905.57,United States,22-07-2024
139,Hodge Annandale,2,4774.78,Canada,13-04-2023
140,Isabelle Osborn,93,3032.61,Italy,19-01-2019
141,Joli Popplewell,56,4880.89,China,07-09-2023
142,Frayda Blakeston,42,2106.38,North Korea,29-05-2021
143,Gallagher Plumm,34,2137.4,China,09-05-2021
144,Nicholas McIlmurray,77,1156.92,United States,04-02-2025
145,Justinian Scoon,23,2558.61,Russia,20-02-2019
146,Decca Jeffrey,40,3106.95,Palestinian Territory,05-11-2024
147,Krystyna Bruckmann,48,1634.24,Philippines,05-08-2023
148,Ettore Everal,17,556.18,Poland,08-04-2025
149,Frazier Garrettson,16,3188.19,Indonesia,14-03-2024
150,Jedidiah Ceillier,89,519.99,China,14-06-2025
151,Freeland Fudger,15,3151.86,Czech Republic,21-11-2020
152,Red June,47,53.02,Brazil,16-09-2022
153,Benoite Vockins,94,2411.86,Indonesia,09-08-2022
154,Cloris Stuckey,91,4316.56,Sudan,09-02-2020
155,Elvis Hurdis,33,1874.83,Chad,01-02-2020
156,Skipper Varley,35,4042.28,Poland,03-09-2019
157,Belita MacKee,78,2439.0,Russia,30-06-2023
158,Nels Wrinch,33,408.6,China,18-02-2021
159,Mycah Bim,49,1879.52,Norway,12-09-2025
160,Miranda Gregorace,52,4266.79,Czech Republic,22-08-2022
161,Marja Boyd,4,4508.96,Greece,11-02-2020
162,Aggie Danis,21,3414.04,Argentina,01-08-2022
163,Abran Waylen,49,2604.51,China,07-02-2020
164,Frank Corstan,2,2769.71,Portugal,28-10-2023
165,Nady Yglesias,86,1629.39,France,10-05-2019
166,Karie Burbudge,48,1104.74,Indonesia,11-01-2022
167,Lilia Reinmar,99,3253.18,Morocco,09-11-2019
168,Bartolomeo Richard,83,4173.92,Micronesia,09-06-2021
169,Bab D'Alwis,74,4032.7,China,06-06-2023
170,Benedicta Prettyjohns,43,3879.94,United States,09-07-2022
171,Artemus Mompesson,70,4239.9,Greece,16-10-2025
172,Elisabetta Dales,25,2959.73,Sweden,23-10-2022
173,Buck Busher,4,1813.4,Colombia,16-04-2025
174,Evelina Coyte,80,2002.0,China,08-11-2024
175,Madalyn Pattesall,94,2280.26,Russia,23-08-2025
176,Muffin Thunnercliff,96,3193.0,China,28-11-2024
177,Consuela Trout,60,4285.88,Honduras,02-05-2021
178,Calvin Calcut,41,4407.52,China,09-06-2024
179,Bryant Hexter,69,1414.46,Portugal,05-08-2021
180,Sapphira Pain,20,765.84,China,18-04-2025
181,Pierce Joburn,78,3259.26,Portugal,23-04-2024
182,Irwinn Walford,52,3535.78,North Korea,21-10-2025
183,Jami Salla,86,1494.32,Croatia,06-05-2025
184,Hailee Climer,60,438.11,France,01-09-2022
185,Corrine Deschelle,80,4041.79,Finland,03-12-2019
186,Blake Willans,20,335.89,Dominican Republic,08-11-2022
187,Thatcher Ledstone,46,1253.27,Ukraine,07-01-2020
188,Aldis Marson,27,1641.45,China,04-08-2020
189,Jasen Colerick,56,1369.55,United States,16-04-2022
190,Corbin Sumnall,84,4588.98,Finland,25-05-2019
191,Hobard Williams,15,1028.86,Germany,18-12-2023
192,Orlan Mulhall,56,131.88,Indonesia,28-09-2023
193,Winifred Dreher,12,3530.3,Belarus,24-02-2023
194,Emmalee Hankins,18,315.68,China,20-05-2019
195,Chiquia Tussaine,62,301.43,Finland,24-05-2021
196,Pauletta Skates,11,2048.81,Czech Republic,29-05-2023
197,Saunderson Lightbowne,34,685.66,Russia,10-01-2024
198,Alie Mattia,77,2920.22,Czech Republic,11-11-2019
199,Uta Douglas,19,3489.29,Czech Republic,15-12-2021
200,Brandi McLafferty,17,4724.57,Honduras,11-01-2021
201,Ashely Hubber,47,2336.37,Sweden,12-03-2025
202,Normie Smithson,43,3404.76,Peru,03-08-2021
203,Christoffer Liepina,89,4047.03,Indonesia,31-01-2022
204,Rorke Branston,20,712.79,Belarus,05-06-2022
205,Dorise Shewring,16,3509.88,Madagascar,24-10-2025
206,Bartlet Wager,99,1090.0,Morocco,26-01-2019
207,Cathi Gregory,88,703.4,Indonesia,17-03-2019
208,Sanders Maccaig,97,1350.47,France,01-01-2023
209,Perice Rosnau,22,1789.41,Morocco,20-07-2025
210,Carree Armin,5,4613.39,Indonesia,13-03-2021
211,Sile Daggett,9,2896.17,China,30-01-2022
212,Bennett Attarge,51,2302.27,Venezuela,29-08-2024
213,Parry Waterdrinker,81,306.33,China,27-01-2022
214,Wait Burchatt,9,489.48,Indonesia,20-04-2024
215,Illa McGuane,87,3983.14,Slovenia,27-11-2023
216,Gus Northgraves,27,2579.41,New Zealand,30-08-2023
217,Meriel Smithson,100,2858.4,Senegal,02-05-2025
218,Quill Levett,9,4574.89,China,27-11-2022
219,Edmon Arndtsen,68,3562.26,Argentina,23-07-2021
220,Nathalie Botger,65,3774.14,Czech Republic,06-01-2023
221,Case Morshead,98,1809.74,Sweden,09-03-2025
222,Bart Haddy,45,4726.81,Indonesia,26-04-2022
223,Sibeal Dwelly,25,1173.7,Peru,30-11-2024
224,Yance Cullotey,95,3572.66,Brazil,08-02-2022
225,Conny Heeks,62,943.49,China,12-08-2020
226,Mady Humbatch,62,3515.8,China,01-04-2019
227,Dareen Bruckenthal,8,4748.75,Kazakhstan,16-07-2021
228,Karlene Elles,36,2108.51,Albania,28-04-2022
229,Adriena Ferrucci,2,3928.57,Mexico,12-12-2025
230,Magda Minifie,89,997.37,Indonesia,30-06-2022
231,Chelsie Meyer,88,1778.95,China,27-03-2022
232,Carley Navarre,12,4293.09,Brazil,11-03-2019
233,Brittne Myall,81,3031.98,Albania,14-04-2024
234,Happy Sabater,88,2718.41,United States,25-04-2021
235,Anatollo Harrap,95,3367.52,China,31-07-2022
236,Mariejeanne Whiten,89,1034.73,Democratic Republic of the Congo,06-09-2022
237,Bobbye Blevin,36,3973.27,Iran,18-06-2019
238,Chanda Britch,1,1195.2,Indonesia,30-06-2021
239,Sher Schellig,72,538.73,Japan,14-08-2023
240,Kylynn Pickthorn,100,3658.1,Peru,23-04-2019
241,Iorgos Ciepluch,12,705.87,Poland,12-07-2023
242,Pam Baskeyfied,43,3765.46,United States,20-01-2021
243,Lucas Warne,19,747.23,United States,23-10-2019
244,Everard Dykas,82,3929.89,Poland,03-07-2025
245,Elyn Kendall,35,2173.41,Albania,25-08-2023
246,Bill Bearward,53,1459.74,Zimbabwe,04-08-2025
247,Barbe Matzaitis,12,783.17,Russia,17-02-2025
248,Aldric Lafontaine,70,4574.52,Pakistan,03-04-2022
249,Taber Tresler,75,3756.46,Malaysia,29-08-2022
250,Janean Hickenbottom,67,2167.83,United States,23-01-2021
251,Devlin Mizzen,100,1310.61,China,31-03-2024
252,Rickard Burfield,8,3818.92,Peru,25-04-2021
253,Georgena Cassin,68,2236.65,Poland,12-09-2024
254,Staffard Jamrowicz,99,1936.63,Palestinian Territory,19-01-2021
255,Marline Petrelli,98,3660.98,Sweden,30-05-2023
256,Hillery Nason,31,1323.38,Brazil,23-10-2019
257,Nikoletta Furtado,34,1929.37,Indonesia,01-12-2021
258,Theodore Houlson,94,1078.74,Indonesia,18-07-2020
259,Harmony Potkins,77,114.55,Russia,25-02-2022
260,Tamas Beyer,27,4316.29,China,22-08-2020
261,Valina Gaitskell,40,4811.48,Thailand,22-11-2022
262,Dorella Georgiev,64,1342.67,Indonesia,24-01-2025
263,Ilyse Mcwhinnie,41,557.17,Germany,12-06-2024
264,Paulo Earsman,67,719.5,Brazil,19-04-2025
265,Evey McGrorty,29,1479.12,Russia,13-09-2021
266,Bert Troman,16,3087.33,Japan,21-12-2019
267,Wendeline Avarne,33,2272.33,Oman,12-06-2022
268,Laurella Carroll,35,546.4,Brazil,16-10-2024
269,Feodora Lashbrook,6,23.59,Colombia,16-02-2025
270,Vikki Biggerstaff,54,386.54,United States,23-02-2024
271,Stacia Shury,37,3542.09,Malaysia,20-08-2025
272,Keir Chamberlin,99,3970.9,Jordan,18-08-2022
273,Sanford Trownson,10,4985.68,China,02-05-2025
274,Erie Capelen,85,2231.49,Indonesia,06-04-2025
275,Joeann Gilbertson,94,152.76,Mexico,22-09-2019
276,Serge Lismer,77,4169.32,Indonesia,22-04-2023
277,Katharina Feldberg,79,3435.14,France,08-09-2025
278,Marika Danson,83,874.87,Poland,11-06-2025
279,Hy Coker,1,4665.67,Indonesia,16-10-2020
280,Augusta Boobier,20,4778.13,Poland,08-07-2021
281,Morie Clevely,78,4468.5,Czech Republic,11-10-2024
282,Roderic MacCallum,51,2463.35,Nigeria,25-02-2020
283,Moses Sargood,33,2888.59,Czech Republic,30-09-2019
284,Sashenka Simpkiss,44,2917.19,Portugal,08-07-2025
285,Farlee Farrey,22,4650.47,Philippines,11-07-2021
286,Francine Yann,26,970.3,Indonesia,12-08-2021
287,Jasmin Penhalewick,58,3407.17,China,27-12-2023
288,Agosto Diehn,53,1511.19,Finland,09-07-2023
289,Ynez McGinty,65,2484.11,Armenia,10-09-2021
290,Thedrick Ximenez,61,965.71,Comoros,06-06-2020
291,Millisent Kettles,63,2185.28,Kazakhstan,31-08-2023
292,Hana Simmen,86,4757.44,Indonesia,03-05-2020
293,Trey Flanagan,58,4674.71,China,05-07-2025
294,Waldon Lewsey,29,1903.32,Indonesia,15-02-2021
295,Gavin Brighouse,8,3913.69,France,11-08-2022
296,Juliann Lunnon,99,3484.13,Russia,23-04-2025
297,Bird Kermeen,69,3302.69,Azerbaijan,07-08-2022
298,Alicia Kleinfeld,83,1235.82,Poland,21-07-2023
299,Lian Shottin,2,1540.84,Kenya,26-03-2025
300,Nobe McSperrin,93,233.43,Albania,31-12-2024
301,Corabel Adamou,91,1758.67,Poland,14-05-2021
302,Isa Dupree,70,3470.2,Morocco,20-06-2022
303,Harbert Syrett,95,3076.05,China,31-05-2021
304,Sheelah Guidini,10,4442.09,Brazil,22-02-2022
305,Cristin Wadge,66,2713.02,Portugal,29-09-2022
306,Sena Humbert,83,2810.78,Indonesia,24-11-2021
307,Collete Guerriero,62,4819.12,Portugal,18-02-2021
308,Jobie Dahlman,99,4771.46,Chile,10-12-2021
309,Kareem Huitt,9,3259.1,Russia,11-03-2019
310,Steward Scrase,6,2542.95,China,12-09-2025
311,Cornelia Deery,33,4187.48,Latvia,20-04-2021
312,Dena Backson,100,4950.4,Guatemala,20-08-2021
313,Sergeant Philippe,67,1247.94,France,29-02-2020
314,Malia Bagenal,27,1262.05,Israel,20-01-2025
315,Carline Carlett,1,1875.17,Guatemala,15-11-2022
316,Ciro Slyne,96,3072.15,Philippines,25-12-2022
317,Karia Tangye,46,3541.03,Belarus,12-10-2022
318,Vic Huc,40,2771.67,Palestinian Territory,08-09-2022
319,Alverta Whitebrook,37,3878.7,China,29-09-2020
320,Jermaine Dyte,60,2197.85,South Sudan,23-02-2022
321,Gherardo Dryden,4,2596.56,Peru,29-03-2025
322,Meryl Haresnaip,33,4962.38,Pakistan,22-10-2021
323,Cilka Dorber,14,1989.68,Finland,27-04-2025
324,Cristobal Craufurd,100,2735.85,Marshall Islands,26-12-2020
325,Zuzana Troutbeck,95,141.62,Poland,01-08-2021
326,Neils Pomfrett,100,779.69,Russia,31-01-2022
327,Prudy Kennon,73,2974.71,Colombia,31-07-2024
328,Sherwynd Lever,65,3910.38,Indonesia,27-11-2021
329,Suzi Lagen,7,37.09,Portugal,28-10-2019
330,Quinton Gallyhaock,15,199.76,China,08-11-2022
331,Vania Weild,8,526.16,Philippines,24-06-2022
332,Rosemaria Goodrich,10,418.33,Mongolia,15-06-2019
333,Diana Greason,68,4697.73,China,03-01-2021
334,Etan Bartomieu,98,4476.3,Indonesia,20-10-2022
335,Kipp Spiniello,62,4758.14,Ukraine,28-02-2019
336,Tamar Dawtry,67,3403.03,Tanzania,07-07-2022
337,Hali Kinnear,2,3420.02,Poland,15-08-2019
338,Owen Slatcher,17,3866.68,Zambia,06-09-2021
339,Ricardo Cicetti,60,3425.84,Kenya,13-06-2024
340,Wheeler Huggon,35,4803.3,Croatia,24-09-2020
341,Winne Leaman,89,370.21,Portugal,14-10-2024
342,Jessica Fugere,78,3548.47,Indonesia,31-01-2025
343,Rodina Morecomb,3,4663.58,Russia,02-01-2020
344,Bent Brummell,33,965.8,Portugal,18-04-2020
345,Saidee Quarmby,47,993.79,Albania,17-03-2023
346,Raimundo Bodemeaid,13,983.03,China,21-09-2021
347,Betsy Sima,31,89.54,China,05-12-2025
348,Marc Rignold,47,3249.07,China,03-05-2022
349,Tedd Zecchinelli,7,739.81,Georgia,08-01-2020
350,Brooks Jakuszewski,24,2773.34,Japan,17-11-2019
351,Hildy Jobern,86,2514.13,China,23-08-2024
352,Madlin Pulley,55,115.15,China,17-12-2021
353,Ches Martino,82,399.75,Italy,04-11-2025
354,Seline Dampier,24,1794.67,Burkina Faso,10-10-2024
355,Davidson Peakman,88,3536.74,Czech Republic,22-10-2022
356,Ruthy Futcher,87,3225.04,Russia,15-06-2024
357,Ossie Rossant,72,4785.81,Czech Republic,13-09-2025
358,Ramonda Droghan,44,3300.74,United States,18-08-2024
359,Bendick Munroe,24,3883.78,China,26-05-2021
360,Garret Aspland,53,4494.44,Indonesia,21-06-2023
361,Beverie Bigrigg,25,2041.14,Canada,01-07-2019
362,Urson Dace,89,4340.26,China,14-08-2024
363,Kippar Galley,5,1545.1,Indonesia,07-11-2025
364,Ranee Cammock,74,4662.98,Kazakhstan,16-12-2023
365,Coral Knath,91,962.97,South Korea,16-04-2019
366,Ced Jellard,38,3698.3,Ukraine,03-11-2020
367,Leslie Petasch,77,3970.81,Paraguay,20-01-2022
368,Chucho Notley,33,4319.48,Poland,22-06-2025
369,Lizbeth Boosey,27,3740.34,Germany,24-11-2019
370,Ailis Magenny,57,3130.26,Sweden,05-09-2025
371,Andrus Kyncl,19,3261.0,Russia,19-08-2021
372,Bernadene Attridge,89,219.22,Ireland,14-08-2024
373,Bridgette Bonnesen,23,2749.26,China,13-03-2021
374,Alfonso Prescot,11,4324.4,Brazil,05-06-2019
375,Ibby Lawson,68,2530.96,Guatemala,29-05-2022
376,Jerrilee Syrad,4,4710.83,Iran,20-06-2023
377,Cherlyn Chase,27,3652.99,Japan,07-01-2020
378,Raphaela Este,78,4043.25,South Korea,11-12-2020
379,Fawne Lys,75,2141.48,Malta,02-10-2022
380,Rutger MacVay,68,4395.45,Iraq,01-09-2019
381,Donielle Mapes,26,1599.29,Russia,11-12-2024
382,Rebecca d' Elboux,47,4554.06,Philippines,26-11-2021
383,Faythe Dafter,66,2671.84,Portugal,05-03-2025
384,Emmery Gladtbach,55,1890.24,Burkina Faso,26-02-2019
385,Mervin Rafferty,49,3502.76,Poland,22-08-2023
386,Christoph Stodart,84,1116.45,Russia,08-06-2021
387,Hewie Adamo,44,1726.53,China,03-12-2024
388,Shea Dimitriades,34,2284.53,Russia,15-01-2022
389,Marleen Radnage,32,3733.05,Honduras,26-09-2019
390,Mead Zappel,21,3718.58,China,26-12-2025
391,Steward Godfrey,84,4704.29,Colombia,06-10-2024
392,Carie Stribling,43,2168.28,France,01-02-2021
393,Dorette Finan,87,4164.34,Indonesia,06-09-2023
394,Bron Dowthwaite,50,2292.8,Egypt,03-11-2019
395,Ferrel Mate,53,2437.24,China,01-08-2021
396,Helen-elizabeth Demschke,26,363.56,China,06-04-2022
397,Bernette De Beauchamp,84,2018.63,Canada,21-06-2019
398,Beauregard Ulyatt,16,4195.89,Peru,20-03-2020
399,Daron Kean,24,818.68,Russia,18-04-2020
400,Dosi Rohloff,53,4126.3,China,20-07-2025
401,Essie Deam,50,1134.92,Japan,18-02-2024
402,Pansy Cantillon,63,1852.69,Russia,01-02-2022
403,Lance Rozenzweig,81,2043.87,China,29-11-2022
404,Hector Crombie,25,723.14,Portugal,24-12-2025
405,Murray Harriskine,10,4756.49,Colombia,14-09-2023
406,Clarke Cauldwell,4,4433.89,Mexico,30-01-2020
407,Mayer Clubbe,89,694.77,Ukraine,12-10-2021
408,Leonhard Smales,51,684.48,Portugal,28-06-2020
409,Gregg Dinsmore,61,4496.01,Philippines,25-07-2025
410,Michelina Treker,87,2891.75,Portugal,07-11-2022
411,Jade Assaf,74,2797.32,Indonesia,04-09-2024
412,Arlan Askin,62,96.61,Paraguay,14-09-2024
413,Josepha Karlmann,82,1847.39,Philippines,10-08-2024
414,Lilyan Bingle,22,1817.99,Serbia,07-11-2025
415,Aurea Dowdell,13,1805.55,China,17-03-2020
416,Jenilee Farnell,28,4314.05,Sweden,17-11-2023
417,Zacherie Nickless,58,150.06,Philippines,25-01-2019
418,Gonzalo Ollerenshaw,70,3811.82,Colombia,08-11-2024
419,Lizzy Embling,41,3213.65,Portugal,27-12-2019
420,Kalila Hoff,46,1449.85,Greece,11-06-2020
421,Portie Leeming,77,1778.42,China,14-03-2020
422,Nalani Plaister,94,3338.03,China,14-06-2024
423,Lexis Caudelier,84,1205.27,United States,23-10-2025
424,Ivory Flintiff,77,2958.3,Reunion,16-04-2019
425,Gwenette Morcom,63,4450.4,Nigeria,22-03-2019
426,Dorris Mathwen,86,1153.45,Indonesia,27-03-2023
427,Barny Snuggs,64,744.36,France,08-04-2025
428,Base Viel,48,1188.37,China,27-12-2024
429,Cicily Rickson,45,3310.62,Brazil,28-10-2024
430,Melisenda Somers,41,1311.52,China,13-10-2019
431,Sharona Knotton,51,61.12,France,22-10-2022
432,Eloisa Heindrick,68,3431.94,Indonesia,27-04-2023
433,Gipsy Iacovino,57,39.36,China,21-06-2021
434,Agnes Keetch,36,1101.8,Canada,10-05-2024
435,Griselda Bummfrey,15,3228.74,Belarus,27-04-2025
436,Byran Ambrosetti,39,4581.43,Portugal,12-08-2021
437,Sibyl Ribeiro,70,1266.45,Nigeria,30-10-2024
438,Nonna Minster,94,2505.32,China,31-10-2022
439,Lorianne Gull,100,1751.13,Honduras,12-03-2022
440,Merwyn Rosle,92,798.65,Argentina,26-11-2019
441,Taddeo Hatwells,57,2635.41,China,27-01-2020
442,Wilona Muckian,29,3276.8,Indonesia,04-02-2019
443,Cordie Morton,94,3737.72,Thailand,13-10-2025
444,Celina Skeates,28,3741.42,Poland,19-05-2021
445,Brenn Bemlott,83,4996.94,Indonesia,02-01-2019
446,Goran Skuse,89,870.31,China,15-10-2023
447,Matthiew O'Reilly,87,156.14,China,24-11-2021
448,Fran Camings,81,846.64,Japan,25-02-2019
449,Sherwood Kobel,80,4112.78,China,25-02-2024
450,Gusella Beagrie,91,949.23,Greece,24-07-2019
451,Olia Curston,16,4508.07,Philippines,14-05-2025
452,Marlin Jellico,33,116.18,China,27-07-2023
453,Aubry De Francisci,81,1503.05,Haiti,09-05-2022
454,Elizabeth Tatum,50,4676.39,Indonesia,03-08-2025
455,Viole Mattei,73,3249.33,China,15-08-2020
456,Adelbert Labb,40,1826.51,Belarus,11-12-2022
457,Ethelin Marcu,30,2911.64,China,09-11-2021
458,Gay Hellin,3,2684.66,Ukraine,05-04-2020
459,Genna Arnolds,15,1341.45,Sweden,01-08-2021
460,Mariquilla Aldwich,11,4253.43,China,19-03-2022
461,Dinnie Cunradi,65,2278.05,Ukraine,17-12-2021
462,Montgomery Levens,93,4593.96,Indonesia,10-03-2021
463,Allayne Cogman,98,562.78,Argentina,13-10-2022
464,Nari Bathow,32,1638.42,Botswana,30-10-2019
465,Shelagh Schellig,84,2620.92,Vietnam,13-11-2021
466,Obie Clendening,96,2700.57,Malawi,29-07-2023
467,Carlin Bengall,26,240.39,Poland,29-12-2024
468,Vanna Messier,34,3764.89,Dominican Republic,20-03-2023
469,Weston Junes,62,3298.56,Malta,13-09-2021
470,Karina Wadworth,70,1319.31,China,23-08-2023
471,Zaccaria Print,86,1204.91,Poland,15-09-2023
472,Cross Mackriell,15,739.27,Philippines,03-07-2024
473,Giulio Habershaw,9,3183.42,France,21-04-2024
474,Mercie Dadge,28,22.66,China,21-01-2023
475,Erroll Laugharne,4,752.13,China,19-12-2022
476,Blisse Strut,52,3167.76,Indonesia,08-09-2021
477,Caye Swift,92,3171.76,Russia,21-09-2020
478,Genevra Stiller,24,1866.92,Senegal,09-05-2023
479,Cathy Vedishchev,62,3780.02,Ethiopia,10-09-2024
480,Dinah Veracruysse,57,329.19,China,23-09-2019
481,Mavis Naptin,4,4382.87,Philippines,01-01-2023
482,Mei Naulty,80,904.19,Afghanistan,08-08-2023
483,Farand Crevagh,62,648.38,China,25-03-2022
484,Corbett Golden,83,528.81,Poland,15-10-2019
485,Aidan Leal,31,2849.76,China,22-01-2019
486,Tye Haysham,17,4880.76,Iran,10-05-2024
487,Allin Nelligan,42,508.32,Guatemala,30-12-2023
488,Kaye Doby,80,919.41,Mexico,08-08-2022
489,Gabbi Temple,65,1602.8,China,16-11-2019
490,Florie Maddams,79,2262.0,Guatemala,28-04-2021
491,Gussi Asp,9,4383.26,Indonesia,03-01-2024
492,Si Linggood,30,257.58,Brazil,15-12-2021
493,Tally O'Doherty,94,714.65,Peru,23-09-2024
494,Raviv Lackinton,17,2626.86,Brazil,26-08-2025
495,Jeniece Verchambre,79,4881.33,Indonesia,08-01-2023
496,Dacie Waymont,63,2042.85,Russia,28-04-2025
497,Krystyna Rolland,89,4710.51,Argentina,08-09-2023
498,Adrea Peyntue,6,1443.11,Russia,08-05-2024
499,Lucais Esland,49,43.77,Russia,27-10-2025
500,Vanny Keig,4,291.58,China,26-07-2019
501,Cobb Tapsell,65,1886.79,Honduras,17-09-2021
502,Gunilla Terrazzo,34,423.66,Macedonia,28-07-2021
503,Dominic Mandry,34,3087.03,Iran,27-12-2023
504,Leisha Fynan,93,3956.96,Indonesia,26-09-2024
505,Beauregard Yaakov,57,4439.17,China,28-10-2021
506,Winfield Gwioneth,81,3404.74,Netherlands,19-05-2022
507,Marcie Dundendale,8,3033.37,Netherlands,18-12-2019
508,Kennedy Pezey,70,4175.73,Brazil,31-07-2022
509,Lita Ginnell,50,4951.25,Indonesia,25-05-2022
510,Joane Barthorpe,37,843.9,Philippines,16-03-2020
511,Dore Darwent,88,3794.52,France,03-09-2025
512,Ileane Schutt,68,2608.08,China,05-06-2019
513,Heinrik Brion,9,2827.57,Iran,06-06-2022
514,Shirlee Wollrauch,56,2614.09,Brazil,24-06-2021
515,Wenona Hatchett,3,4878.0,Philippines,16-03-2023
516,Barrie McMurty,11,2143.27,Guatemala,01-05-2024
517,Shell Worham,31,2609.37,Japan,09-02-2023
518,Michell Autry,100,3908.48,Brazil,31-03-2025
519,Stephana Georghiou,83,4685.24,Argentina,14-12-2023
520,Violetta Bower,53,4052.04,China,15-12-2020
521,Levy Pearne,99,639.69,Indonesia,20-07-2022
522,Emogene Tethcote,59,1135.29,United Kingdom,10-07-2022
523,Megan Deason,48,3918.72,Kazakhstan,20-07-2025
524,Marsh Manske,46,2677.74,Indonesia,22-08-2024
525,Salmon Heinke,23,1859.94,Indonesia,09-08-2024
526,Nichole Scoates,100,3690.02,United States,21-08-2020
527,Sigismund Thatcher,88,809.25,Portugal,05-05-2019
528,Kassandra Feasley,3,568.29,Indonesia,22-12-2020
529,Blaire Willison,37,2519.3,Indonesia,27-12-2020
530,Henrik Drakes,38,3082.14,Egypt,13-11-2022
531,Anneliese Kloss,33,2796.82,Poland,07-08-2023
532,Douglass Krysztowczyk,28,48.55,Nepal,08-09-2021
533,Margery Brosel,36,3519.48,Peru,25-11-2024
534,Esther Steptowe,65,4226.5,China,18-09-2021
535,Fair Turk,61,2097.13,China,13-02-2019
536,Clerissa Garritley,56,1705.04,Indonesia,21-01-2022
537,John Cutridge,36,4632.56,Indonesia,10-12-2025
538,Sherwood Hartmann,4,1377.09,Pakistan,24-04-2021
539,Virgina Mc Ilory,61,2329.46,Indonesia,30-10-2021
540,Laureen Jordeson,98,3087.7,Bulgaria,28-05-2021
541,Dennis Wolfinger,47,4225.65,Bosnia and Herzegovina,24-12-2024
542,Emelita Vasentsov,44,4256.35,Cuba,08-08-2021
543,Kari Roseborough,21,2550.59,China,08-03-2020
544,Carmella Took,11,3792.76,Burundi,30-06-2023
545,Odette Banke,73,3546.59,China,25-05-2021
546,Ly Di Pietro,77,1375.23,Armenia,21-04-2022
547,Bonnee Merrien,15,1105.48,China,20-04-2024
548,Katlin Davidowich,18,3649.23,Indonesia,12-09-2024
549,Morse McGahy,73,4289.88,Colombia,12-09-2025
550,Nadya MacCague,100,3225.19,Indonesia,22-06-2020
551,Merle Hessenthaler,42,3183.62,Canada,14-07-2021
552,Fritz Offin,52,1912.25,Uganda,26-10-2021
553,Rustin Westwell,16,1095.22,Indonesia,07-07-2020
554,Janet Hallbord,64,3302.34,China,27-01-2022
555,Randal Snaddon,28,959.48,Argentina,02-04-2021
556,Chrissie Blakiston,65,2661.11,Poland,03-06-2021
557,Christal Bonner,74,3891.3,Finland,05-11-2019
558,Bennie Watkins,55,4266.82,Poland,02-06-2022
559,Chaddie Gopsell,18,435.78,Portugal,17-03-2021
560,Kyla Esh,37,2232.96,Indonesia,17-06-2022
561,Frasier Du Fray,16,2157.6,China,07-06-2023
562,Wilow Hurleston,1,3106.23,China,14-11-2021
563,Tandy Parmer,74,1608.63,France,29-11-2021
564,Alvin Hasser,68,2216.33,Turkmenistan,15-07-2025
565,Jobye Acomb,54,1655.16,China,06-01-2020
566,Lilian MacArte,33,4543.77,China,06-09-2020
567,Marjy Flipsen,13,657.93,Thailand,06-07-2024
568,Hestia Roust,79,3719.19,Slovenia,17-09-2025
569,Nap Giacobilio,67,175.83,Russia,18-02-2020
570,Joel Hagston,17,340.33,China,26-04-2022
571,Micki Hakes,77,4527.15,Latvia,10-03-2025
572,Jessy Cattlow,28,4364.69,Philippines,13-05-2022
573,Ingeberg Gunner,10,3193.5,Indonesia,03-03-2024
574,Reilly Hazlewood,49,478.95,Mexico,28-03-2021
575,Brigit Martinie,38,1280.56,Poland,17-03-2023
576,Brigid Stych,30,4913.2,United States,17-09-2021
577,Windy Garbert,47,1485.29,China,22-03-2021
578,Liam Stembridge,84,3219.29,North Korea,23-12-2025
579,Orbadiah Ruxton,40,2913.03,Indonesia,16-05-2024
580,Randy Bisson,10,3171.24,Russia,26-06-2025
581,Antonin Holtaway,31,2699.84,Poland,23-05-2020
582,Justino Lowth,37,3573.04,Portugal,14-08-2023
583,Aldo Castillo,95,4940.44,Honduras,01-07-2024
584,Meghann Elven,21,4775.75,Comoros,23-02-2021
585,Chance Jelly,11,1011.06,Spain,26-04-2020
586,Nathaniel Latchmore,2,2028.9,United States,09-06-2024
587,Merrie Penylton,85,428.18,Honduras,19-08-2022
588,Catlee Hempshall,54,3660.81,China,02-01-2025
589,Jacinta Bricham,94,1314.38,Nigeria,10-01-2025
590,Wilone Denge,72,2632.04,Peru,22-07-2022
591,Thadeus Baroch,43,4245.47,Nigeria,22-05-2021
592,Wayland Ling,43,3007.27,Philippines,24-02-2023
593,Mariellen Portwain,27,147.82,Czech Republic,14-02-2019
594,Lanae Roseman,63,3523.52,Philippines,16-10-2023
595,Agustin Carloni,51,865.21,China,14-09-2020
596,Waldon Souttar,8,2621.47,China,02-06-2020
597,Jarib Dallmann,46,3809.42,France,07-11-2024
598,Ingaberg MacEvilly,51,1940.04,France,17-06-2025
599,Blanca Chambers,30,2235.41,Philippines,27-04-2019
600,Roanna Fittes,11,2686.02,Colombia,20-11-2022
601,Odilia Assel,13,293.6,Ireland,19-09-2020
602,Elfreda Adamo,23,1082.48,Brazil,26-06-2021
603,Bethena Winders,60,4005.55,Lithuania,20-11-2020
604,Alonzo Coil,39,1733.18,Argentina,18-04-2023
605,Eyde Dufaire,32,2599.47,Tunisia,05-12-2024
606,Camille Beaufoy,16,1839.14,China,11-09-2020
607,Jenelle Celier,36,1079.49,Nigeria,30-12-2023
608,Danika MacCathay,32,1872.58,China,31-10-2021
609,Carter Cammis,60,774.09,Philippines,26-02-2022
610,Etty Bauldry,31,1715.98,Nigeria,03-12-2021
611,Arabel Duffie,41,715.74,Ukraine,21-04-2023
612,Marty Gooderridge,17,361.41,Indonesia,25-01-2020
613,Matty Squibbs,36,2582.45,Indonesia,24-12-2025
614,Wainwright Jeanet,1,2705.15,Uganda,01-12-2019
615,Joela Anthoin,34,3597.15,Saint Helena,12-10-2019
616,Trumaine Mackison,63,3289.5,Mongolia,14-08-2022
617,Anissa Larkcum,49,4071.01,Poland,29-04-2020
618,Rollin Fonso,100,4320.49,Portugal,27-08-2019
619,Aurelea Rapsey,74,2447.05,China,02-02-2019
620,Fitz Braybrooks,25,4290.62,Indonesia,22-04-2023
621,Grady Jeynes,62,791.45,Indonesia,22-12-2025
622,Kimberly Baylay,10,859.03,Russia,21-11-2019
623,Pavel Scoyne,51,3364.82,Philippines,24-10-2024
624,Elihu Hawley,48,478.65,United States,26-05-2024
625,Janeen Rowbottom,69,162.8,Russia,27-10-2019
626,Bebe Buten,52,265.66,Indonesia,01-08-2021
627,Gayler Gavin,95,4894.36,Russia,31-07-2022
628,Claudius Sawter,10,1481.89,Democratic Republic of the Congo,30-12-2021
629,Miguel Nuccii,11,3244.33,China,26-06-2020
630,Mata Popeley,54,2334.5,Russia,08-09-2025
631,Liza Parkhouse,64,4471.79,Brazil,24-02-2025
632,Inez Abbots,54,676.28,Sweden,05-01-2023
633,Davine Algeo,46,4978.03,Colombia,14-01-2021
634,Janel Middleditch,38,431.84,China,28-07-2021
635,Garey Le Friec,34,515.33,Sweden,25-09-2024
636,Gaston Zanelli,96,4955.76,Tanzania,02-12-2019
637,Ethe Olek,77,2028.38,Indonesia,23-01-2024
638,Waly Derrell,59,1990.21,Czech Republic,03-07-2025
639,Cosette Newe,4,4129.85,Mexico,29-01-2019
640,Stacia Aseef,25,3041.36,Jamaica,17-10-2025
641,Clarette Onions,39,4156.75,Indonesia,01-10-2025
642,Mellicent Birkbeck,63,369.6,Zambia,03-03-2022
643,Xerxes Dymott,81,2294.53,Russia,07-10-2019
644,Cleopatra Blanque,49,3119.89,Ethiopia,19-07-2019
645,Sallyann Rimell,20,4166.55,Brazil,23-08-2020
646,Calypso Edgcumbe,69,2753.54,China,29-12-2020
647,Ricoriki Radolf,65,3969.34,China,01-12-2023
648,Lilllie Jodlkowski,49,1586.4,Philippines,26-09-2021
649,Rickie Feavearyear,83,296.77,Ukraine,03-05-2022
650,Morton Cossentine,37,1725.13,Canada,19-04-2022
651,Damien Eddis,9,1222.27,China,01-10-2019
652,Dulciana Vellender,90,3362.49,Peru,30-05-2020
653,Clare Stobbart,71,4044.51,Russia,22-12-2025
654,Debbie Kopke,30,1873.53,China,13-09-2022
655,Ginnie Yellowlee,13,1119.75,China,24-04-2024
656,Chaddie Bigg,25,4845.77,Costa Rica,28-05-2019
657,Odessa Rowlatt,5,2244.5,Jamaica,01-10-2020
658,Bruno Penddreth,16,3307.84,Colombia,06-05-2019
659,Cam Bounds,5,1679.39,Republic of the Congo,17-07-2020
660,Ginnifer Pittford,55,4402.36,Cameroon,21-08-2020
661,Reggie Wooffinden,13,461.66,Portugal,19-04-2021
662,Margaretha Jakovijevic,24,512.43,Greece,05-07-2023
663,Oates Peplay,22,1399.15,Chile,25-04-2021
664,Thomasa Linzey,41,3259.04,Yemen,20-10-2020
665,Rozelle Messham,29,3376.12,Russia,22-10-2019
666,Duffie Poulsom,20,3700.23,Colombia,09-03-2025
667,Kipp Blagbrough,87,4884.69,China,07-04-2022
668,Sebastien Brozek,47,3314.23,Venezuela,28-12-2024
669,Isador Sturrock,6,1390.65,Brazil,17-08-2024
670,Ruthanne Entwhistle,94,1655.07,China,29-01-2019
671,Xylia Bratt,53,340.48,Indonesia,29-05-2025
672,Hartwell O'Grady,29,4709.81,Russia,16-07-2022
673,Peggy Caddy,98,527.56,Tanzania,09-06-2020
674,Nerty Wiltshaw,95,2061.7,China,03-02-2019
675,Alexia Sivorn,84,4780.38,China,31-03-2024
676,Karisa Androli,87,1067.61,Indonesia,27-11-2025
677,Shaun Winkle,66,417.99,Iran,27-03-2025
678,Sydney Durham,86,3594.15,Jordan,26-03-2024
679,Ivett Gradly,95,800.82,Bangladesh,12-04-2020
680,Romonda Moggie,3,1734.21,China,04-03-2020
681,Alexander McLugish,21,3597.39,Nigeria,02-12-2023
682,Quinn Speirs,90,3158.87,Indonesia,29-11-2025
683,Jessamyn Di Pietro,70,1874.38,France,28-06-2024
684,Bertie Seilmann,87,2118.26,Russia,02-01-2024
685,Dorri Ronan,43,4532.99,Luxembourg,16-08-2020
686,Emilie Stickney,3,4779.36,Vietnam,24-10-2024
687,Brig Dury,100,1091.59,Russia,10-08-2025
688,Tybi Overill,18,4696.71,Sweden,29-09-2020
689,Errol MacLaverty,21,2657.82,Canada,21-05-2019
690,Pieter Epine,59,3507.97,Guatemala,01-12-2023
691,Giselbert Janusz,99,4939.43,China,31-05-2022
692,Etienne Bamber,85,2656.01,Colombia,23-10-2019
693,Ambrosius Tick,17,2260.47,Czech Republic,15-09-2023
694,Serena Penk,99,623.68,China,15-05-2023
695,Calypso Stobbes,76,4877.31,Indonesia,13-01-2024
696,Jamey Corwin,10,2962.42,Palestinian Territory,24-08-2023
697,Franklyn Gussin,77,2644.56,Tanzania,23-02-2022
698,Felicle Brotherwood,59,4187.28,Morocco,12-12-2021
699,Netty Linfitt,15,3669.63,Albania,08-11-2019
700,Nadya Futcher,77,2719.08,Portugal,04-12-2022
701,Delilah Waller-Bridge,88,2802.96,Russia,27-06-2020
702,Barbie Bew,87,84.42,Mexico,30-06-2022
703,Urson Gabitis,39,1777.54,Argentina,01-10-2022
704,Rosemaria Glaves,54,4363.5,Philippines,01-07-2019
705,Danila Di Ruggiero,81,3205.13,Portugal,05-09-2019
706,Tomlin Duffit,16,4650.01,Vietnam,20-12-2025
707,Bran Cattenach,6,2394.29,Philippines,20-01-2022
708,Juliet Setchfield,90,2317.71,Indonesia,25-04-2020
709,Anita Grigg,89,1394.84,Indonesia,20-11-2022
710,Davidson McWilliams,17,644.51,Philippines,04-09-2023
711,Geneva Gudde,1,4337.24,Sweden,25-04-2019
712,Farleigh Norman,10,2230.83,Poland,28-09-2024
713,Sansone Pearle,84,3497.21,Poland,19-01-2024
714,Lyndell Judge,30,444.18,Mexico,26-06-2025
715,Gil Abela,79,1506.6,Colombia,16-07-2021
716,Thurstan Pottie,76,3896.31,Portugal,08-10-2023
717,Mikaela Kunze,30,709.22,United States,14-04-2024
718,Dehlia Sherwin,1,4088.83,Russia,10-07-2025
719,Gerty Dickenson,34,3713.09,Russia,08-09-2021
720,Cosimo Fewless,29,3623.91,Indonesia,25-07-2022
721,Natala Massimi,99,1341.34,Argentina,24-09-2021
722,Caresa Blamey,49,2295.76,Andorra,12-07-2023
723,Leo Donnersberg,76,2958.65,Chile,01-11-2022
724,Christyna Gwyneth,35,4671.67,Portugal,25-08-2022
725,Frannie Spinnace,88,890.32,Brazil,17-05-2020
726,Everard Bedinham,75,2110.24,Pakistan,29-03-2020
727,Lorrie Sousa,28,211.47,Namibia,01-12-2025
728,Byrann Triggel,37,1596.88,Russia,13-12-2024
729,Jules Younghusband,80,2361.41,China,06-03-2020
730,Killie Rundle,90,4426.35,Saint Lucia,05-05-2022
731,Nita Suffield,35,1126.31,China,03-03-2020
732,Codi Hoffman,39,4644.68,Ivory Coast,25-05-2025
733,Gregor Wickes,55,4594.97,Indonesia,06-07-2019
734,Sallie Spavon,54,4571.42,Jamaica,11-08-2019
735,Wit Smallshaw,11,1185.31,China,22-12-2025
736,Bryn Zappel,17,1363.21,Philippines,17-06-2024
737,Theodosia Aumerle,33,2281.98,China,17-12-2023
738,Avram Grigolli,43,3297.81,China,10-04-2021
739,Terrye Gehrts,81,4716.25,Estonia,27-10-2023
740,Vanni Crookes,79,3549.03,Poland,09-07-2021
741,Leigha Ounsworth,49,2826.1,Moldova,02-02-2023
742,Iseabal Geraudy,81,4460.81,Uzbekistan,26-12-2023
743,Xenos Achurch,16,3592.45,Russia,07-04-2019
744,Sibelle Bumford,97,3596.29,China,29-12-2019
745,Caldwell Ivancevic,100,3432.95,United States,10-08-2022
746,Berkeley Myers,3,2415.18,Philippines,18-12-2023
747,Carlie Wakely,96,2301.24,Philippines,04-04-2020
748,Garrek Chesters,30,2410.32,Norway,03-01-2023
749,Oswald Hilbourne,38,4270.32,China,12-06-2019
750,Katinka Tupling,87,37.95,Colombia,08-01-2019
751,Luz Andrys,43,803.46,Nigeria,31-07-2023
752,Stacy O' Culligan,4,3091.37,Tajikistan,02-07-2021
753,Wileen Burcombe,98,2792.02,China,11-05-2023
754,Izabel Bonafant,21,4650.17,Thailand,16-04-2021
755,Krispin Smeeton,81,3309.46,Venezuela,22-10-2019
756,Donia Kern,81,753.04,Ecuador,31-12-2022
757,Trina Kitcherside,29,2678.24,Portugal,03-05-2019
758,Theresina McManamon,7,2917.41,Indonesia,04-11-2023
759,Wolfy Bukowski,58,2040.46,Philippines,09-06-2021
760,Julee Stetson,23,4110.02,Indonesia,06-08-2020
761,Hallsy Gotter,29,3357.73,United States,05-11-2021
762,Lemmie Abrehart,82,205.33,Mexico,14-08-2024
763,Dicky Cosins,11,409.56,Russia,31-03-2019
764,Moritz Stampe,34,3661.5,China,26-12-2022
765,Torrence Pacey,97,3324.35,Poland,27-10-2025
766,Morgana Whannel,58,4608.78,China,08-08-2021
767,Yolanthe Matfield,50,4275.42,Malaysia,12-06-2021
768,Barry McTurk,63,4740.18,Russia,11-11-2019
769,Tabbi Larderot,3,2866.56,France,04-11-2021
770,Inness Sarney,79,4559.92,Colombia,25-04-2023
771,Moritz Strowthers,78,580.71,Montenegro,17-07-2024
772,Scottie Alliker,48,555.67,Austria,18-08-2023
773,Barby Brunet,54,3840.56,Ireland,16-03-2019
774,Norman Breche,6,2525.25,Albania,19-01-2023
775,Isabella Bettesworth,66,3348.16,Portugal,01-04-2021
776,Leila Slee,42,1444.42,United States,11-02-2019
777,Alec Muck,88,1386.16,South Africa,28-02-2024
778,Giustina Vanichkin,47,844.3,Russia,29-11-2024
779,Haley Lorriman,91,2676.12,South Africa,12-09-2024
780,Catie Dibsdale,1,4434.31,Poland,31-05-2020
781,Clemmy Kaming,80,391.35,Poland,24-09-2020
782,Barrie Cheevers,96,1731.94,Mexico,03-04-2024
783,Eduardo Bartleman,50,508.51,Japan,05-05-2024
784,Cindee Mottini,17,842.72,Philippines,19-12-2021
785,Isador O'Corren,79,1156.82,Bulgaria,14-06-2021
786,Margarette Paten,48,484.15,Bahamas,13-11-2024
787,Renaldo Devonald,23,3971.15,China,08-12-2025
788,Marietta Aldham,10,3200.52,United States,30-05-2020
789,Janaye Dallyn,49,4946.29,Indonesia,01-07-2022
790,Gordy Trevon,13,960.66,France,25-10-2024
791,Pegeen Alster,4,4593.57,Pakistan,27-05-2025
792,Timoteo Hullyer,94,222.3,Afghanistan,04-07-2025
793,Moss Wolton,29,4661.72,China,05-02-2019
794,Sylvester McRuvie,31,2353.88,Luxembourg,06-12-2023
795,Marylee Hinrich,91,389.01,China,16-09-2022
796,Arlie Driver,77,4649.17,Bulgaria,04-10-2024
797,Alastair O'Haire,54,4964.06,Thailand,09-10-2024
798,Stacy Stear,78,1320.44,Russia,06-10-2023
799,Felicio Moffet,88,2686.21,Indonesia,06-01-2025
800,Tera Sebrens,64,4054.4,Yemen,17-10-2023
801,Putnem Donnelly,20,3576.45,China,20-12-2021
802,Paul Aymes,50,2521.86,Indonesia,07-05-2024
803,Donnamarie La Croce,81,4748.89,Serbia,29-01-2020
804,Idalina Pagnin,42,866.97,Kosovo,18-10-2022
805,Hilarius Pickrill,84,4104.77,Russia,18-06-2020
806,Reine Edgeller,16,4098.57,Philippines,13-10-2024
807,Sullivan Wiskar,46,3484.82,South Sudan,15-07-2019
808,Lorne Wickstead,92,4511.87,Portugal,26-08-2019
809,Truman Tunno,78,3752.7,Bangladesh,31-01-2024
810,Erie Drever,99,2114.28,Greece,22-08-2025
811,Maximilien McMains,25,1910.2,Sweden,09-01-2023
812,Aili Meneux,20,540.95,Mayotte,02-12-2020
813,Roana Ramsbottom,25,769.7,United States,02-12-2021
814,Tyson Illingworth,48,3346.0,Russia,14-04-2019
815,Karin Kilkenny,6,2431.23,Greece,28-04-2022
816,Penny Meacher,82,1310.56,Japan,15-03-2021
817,Emili Raiker,91,3947.57,Malaysia,09-10-2022
818,Alphard McCourt,26,4801.82,Thailand,15-05-2020
819,Perla Jurisic,82,406.07,Poland,23-06-2020
820,Ricky Mathet,12,2819.39,Portugal,06-09-2025
821,Lizabeth Blomfield,27,2921.0,Nigeria,26-10-2022
822,Kamila Finby,39,3956.26,Lithuania,11-08-2021
823,Arie O'Coskerry,69,4572.99,China,14-08-2020
824,Pamelina Vickery,16,859.06,China,06-11-2024
825,Maison Kyncl,62,2483.7,China,17-08-2025
826,Felipe Rushman,62,1885.9,Mexico,26-05-2024
827,Dino Huxham,28,2386.46,Philippines,27-04-2021
828,Benjy Meconi,47,4921.92,China,14-10-2020
829,Renie Lusted,18,4922.29,Czech Republic,03-02-2025
830,Imelda Briiginshaw,30,288.72,Japan,10-09-2021
831,Berty Adolthine,75,3519.02,Indonesia,30-05-2025
832,Genni Boggish,74,1900.2,Zimbabwe,30-04-2022
833,Kristos Lasslett,34,1348.09,Iran,26-08-2020
834,Galvan Attenburrow,3,622.28,Indonesia,09-11-2023
835,Wynn Klaas,17,3719.78,Albania,30-08-2025
836,Farlie Pietruszewicz,81,402.39,Albania,20-02-2020
837,Wheeler Guilfoyle,97,2304.69,Italy,20-05-2022
838,Ronica Moresby,62,1621.25,Morocco,21-05-2021
839,Seamus Ludy,37,4612.89,Indonesia,14-11-2023
840,Aldin Kippins,86,526.07,Afghanistan,30-07-2025
841,Rooney Rowson,16,4980.94,China,23-10-2021
842,Celka Beaves,15,3518.33,Slovenia,18-03-2019
843,Laurette Timeby,79,4024.14,Albania,21-09-2019
844,Nathalie Casarino,1,1545.71,Tanzania,15-04-2022
845,Yetty Fearfull,4,1385.78,France,28-01-2020
846,Sonni Yegorov,28,3689.24,Cyprus,24-02-2022
847,Trent Hedan,45,1128.33,Indonesia,11-11-2024
848,Nan Benge,44,3918.03,Sweden,13-01-2019
849,Tremaine Dulinty,13,1270.13,Brazil,04-10-2021
850,Cheslie Bloom,87,3679.78,Russia,08-12-2019
851,Nadiya Morican,6,4059.56,Greece,06-02-2019
852,Sheppard Redmore,22,2996.7,Turkmenistan,29-05-2025
853,Kyle Junkin,34,4185.82,Japan,22-03-2023
854,Fonsie Tratton,5,874.71,China,11-03-2019
855,Kaitlin Danton,25,1038.33,Indonesia,07-05-2023
856,Prescott Georgeot,54,2906.65,Sweden,17-12-2023
857,Tildy Fannin,61,3520.52,China,28-12-2021
858,Kelsy Wippermann,49,4986.91,Honduras,19-03-2020
859,Alfredo Trammel,21,4130.48,Portugal,20-08-2019
860,Elita Gelland,29,1856.96,Indonesia,26-09-2022
861,Gabriellia Nugent,90,1013.37,Kazakhstan,26-03-2023
862,Prissie Wakelin,18,2149.8,Vietnam,08-06-2024
863,Bride Oxbrough,66,4556.01,Dominican Republic,21-09-2022
864,Elsy Zambon,83,2792.73,Brazil,13-08-2021
865,Roddie Habin,9,4447.7,Peru,23-04-2024
866,Charlean Soitoux,8,1564.98,China,25-11-2022
867,Shirley Dolan,9,186.0,Portugal,05-06-2023
868,Titos Vivian,66,961.6,China,03-11-2024
869,Ursulina Entwistle,88,4668.31,Ukraine,15-09-2021
870,Klemens Copley,5,3310.33,Indonesia,31-01-2019
871,Goddart Hutable,51,1233.72,Japan,04-04-2023
872,Thadeus Beatty,64,4796.6,Tanzania,07-12-2024
873,Paola Casero,100,366.88,China,09-06-2025
874,Crystie Loughney,76,3748.89,China,07-08-2019
875,Thain Tideswell,100,3348.8,China,09-02-2021
876,Anthea Youell,26,4274.83,China,03-03-2019
877,Nicolle Kehri,27,3669.21,Croatia,27-03-2023
878,Killie Stayt,20,841.36,Sierra Leone,27-10-2024
879,Burlie Bradburn,18,4473.95,Russia,27-02-2022
880,Valdemar Beardow,92,1944.38,Indonesia,06-09-2022
881,Anderea Rollins,38,1800.54,Brazil,05-02-2022
882,Van Lexa,2,3030.01,Philippines,01-07-2019
883,Jacklin Tunnacliffe,43,1238.53,Moldova,26-05-2025
884,Alexi Stute,62,234.27,Indonesia,25-01-2021
885,Beatrix Gemelli,4,3317.25,China,27-01-2021
886,Kandace Balbeck,92,477.19,Indonesia,28-11-2025
887,Jammie Birkenhead,60,3569.35,Brazil,25-06-2025
888,Roley Syratt,38,3111.01,Japan,06-08-2023
889,Robert Cristofano,63,2563.97,Russia,21-10-2023
890,Rachele Dulinty,77,1431.53,Palestinian Territory,06-12-2020
891,Lesli Drynan,81,2642.25,Philippines,06-03-2020
892,Shepherd Digle,3,169.46,China,24-06-2021
893,Melisse Collough,100,3785.42,South Africa,02-06-2023
894,Rutledge Esparza,31,2390.93,China,18-03-2019
895,Karisa Wiper,73,1696.44,Malaysia,28-08-2024
896,Betteanne Beddoes,2,4391.48,Sweden,09-06-2025
897,Millard Balsdon,22,2888.26,China,21-03-2021
898,Vally Franklyn,56,3049.83,France,12-01-2022
899,Clare Olley,84,344.42,China,25-10-2023
900,Sheilah Klich,41,3755.75,Serbia,17-02-2021
901,Bartolomeo Radmer,93,1964.68,Indonesia,28-01-2025
902,Garrott Barbary,2,2588.39,Portugal,12-05-2023
903,Annabela Lambrook,44,4240.13,Indonesia,05-11-2019
904,Caroline Hynam,3,4504.44,Democratic Republic of the Congo,27-09-2020
905,Joyous Lockitt,37,3781.83,Pitcairn,13-05-2020
906,Daune Dannehl,90,1258.61,Brazil,19-07-2025
907,Perri Parsons,9,4040.74,Greece,18-04-2023
908,Charlot Salatino,8,4414.81,Indonesia,12-08-2022
909,Artemis Kingswood,74,3505.62,Portugal,22-08-2021
910,Rosalinda Hardware,54,3014.02,Sweden,23-11-2022
911,Ilise Etchingham,56,1968.74,Russia,29-09-2019
912,Augustine Smidmore,76,1207.13,France,10-03-2019
913,Carmelina Wilsone,32,3429.72,China,11-10-2023
914,Andris Durand,51,3427.02,Indonesia,07-10-2023
915,Cindra Toffanelli,24,3009.39,Indonesia,22-04-2025
916,Norman Sellack,91,4729.01,Croatia,31-05-2019
917,Alvina China,92,16.29,China,16-12-2024
918,Dudley Kolyagin,76,157.52,Indonesia,22-02-2020
919,Latrina Caldera,99,253.19,Angola,15-11-2022
920,Terza Mannakee,52,328.98,Guatemala,28-06-2025
921,Ellerey Alywin,92,3397.18,Brazil,15-08-2021
922,Dallas Morden,56,4496.49,China,26-09-2022
923,Arley Desmond,76,3515.04,Azerbaijan,02-04-2020
924,Torrance Laybourn,36,3714.75,Portugal,10-07-2021
925,Artur Southall,48,3334.88,Belgium,07-04-2019
926,Nelli Corten,11,2994.52,Philippines,30-05-2022
927,Carma Blenkiron,77,2106.28,Philippines,21-11-2023
928,Kendal Proschke,24,4128.52,Uruguay,28-09-2023
929,Shellysheldon McGiffin,78,2609.94,Ukraine,22-03-2023
930,Pier Trenbey,74,1078.3,Mongolia,17-12-2023
931,Yvor Gavin,58,2840.44,China,16-10-2025
932,Chan Dubois,82,1232.57,Croatia,05-06-2021
933,Thornton Janata,52,3416.56,Russia,23-03-2024
934,Felicia Grevatt,81,2998.22,Argentina,07-05-2024
935,Cornell Dielhenn,11,3956.3,South Africa,17-02-2021
936,Angeli O'Farris,44,3691.51,Indonesia,14-12-2021
937,Jason Braddock,87,3726.11,China,09-06-2023
938,Michaela Macilhench,50,1508.47,Indonesia,09-11-2025
939,Isidora Hazelden,24,3435.28,China,31-01-2020
940,Ines Biggs,92,4209.14,China,13-07-2020
941,Vaughn Worsnap,10,4308.8,Portugal,14-05-2025
942,Esme Helstrip,35,1007.28,Yemen,11-02-2020
943,Cullin Vaughan-Hughes,51,4141.02,Brazil,29-10-2020
944,Whittaker Haet,82,1311.35,Norway,18-09-2023
945,Pietrek Nannoni,14,4419.32,Japan,07-01-2019
946,Vanessa Feben,55,1258.17,China,17-06-2023
947,Sancho Wardrop,48,3206.98,Philippines,08-03-2025
948,Alic Whightman,88,3135.72,Indonesia,11-04-2020
949,Nicolai Garralts,47,1323.23,Cameroon,14-11-2022
950,Hertha Massei,89,782.08,Philippines,15-06-2024
951,Chico Eakin,83,3441.16,Indonesia,27-03-2023
952,Rolf Wildblood,42,2639.81,France,16-04-2019
953,Henrik Dabels,23,3193.01,Ukraine,04-11-2021
954,Austina Cawdron,38,1953.82,Peru,04-01-2019
955,Babbette Gowman,78,224.32,China,04-09-2024
956,Fraze Arnatt,45,4673.14,Poland,10-08-2024
957,Tonie Tocknell,97,4401.29,China,19-12-2024
958,Che Ingrem,41,1989.72,Indonesia,27-07-2023
959,Caro Lowles,27,4368.16,Brazil,08-11-2020
960,Karin Oswald,90,2122.46,China,12-01-2022
961,Garrick Poter,96,3843.6,Russia,08-07-2022
962,Jamaal Adamkiewicz,81,2558.71,United States,26-01-2020
963,Jo-anne Clutram,89,2029.62,Kazakhstan,15-12-2021
964,Delly Danton,90,47.58,Russia,24-09-2021
965,Barbie Halegarth,41,4704.56,Brazil,05-10-2020
966,Tirrell Oley,14,4752.28,China,24-02-2022
967,Hettie Keymar,15,3842.35,Thailand,11-03-2025
968,Trent Mangam,91,1144.24,Croatia,22-10-2023
969,Maurits Irving,11,2262.07,China,11-05-2022
970,Leeanne Truce,90,4028.29,France,11-06-2020
971,Lexis Summons,83,1880.32,Brazil,19-05-2020
972,Othelia Seer,35,4674.51,Indonesia,24-12-2019
973,Carina Joel,17,740.68,Indonesia,09-05-2020
974,Basile Pearl,35,1519.1,Portugal,26-12-2020
975,Gideon Frew,29,1195.26,China,22-01-2025
976,Mia MacCallion,72,4306.77,Poland,18-05-2024
977,Cointon Gowlett,79,4754.46,Finland,12-11-2024
978,Tammie Manicom,61,837.27,China,23-10-2022
979,Betteann Cawthron,79,3775.78,Portugal,24-05-2021
980,Donnell Patullo,92,4859.47,Colombia,02-01-2021
981,Candide Daelman,73,4662.86,Philippines,02-03-2021
982,Terrie Huddle,68,2384.19,France,09-03-2025
983,Winfred Dunbar,56,3827.36,China,26-10-2023
984,Minni Corpe,31,4571.3,Netherlands,28-09-2025
985,Aaren Roddy,81,3760.95,Ukraine,07-11-2022
986,Marlin Seeman,90,4141.63,Russia,03-01-2020
987,Merilyn Dybbe,77,674.1,Portugal,11-10-2022
988,Dennis Chander,20,3646.22,Indonesia,14-10-2024
989,Chlo Malcolmson,55,654.83,South Africa,26-03-2019
990,Hewitt Fewings,22,480.78,Brazil,26-08-2025
991,Candra Ellis,14,1600.27,China,10-09-2019
992,Bessie Mugridge,91,1292.04,Thailand,07-04-2021
993,Ernestus Standeven,45,2556.16,China,29-05-2024
994,Kevin Drewet,86,2363.35,Greece,02-02-2024
995,Rikki Liccardi,94,3412.96,China,14-11-2025
996,Karlyn Baiden,13,3539.72,Serbia,01-01-2019
997,Dagny Rankcom,27,2303.1,China,06-06-2019
998,Clemmie Hebble,23,4419.31,Brazil,20-03-2022
999,Sheffy Plumtree,12,3856.43,Indonesia,02-09-2021
1000,Kurt Quaif,68,1174.88,Micronesia,03-12-2020
